"ï»¿Date","Day_type","PresenceType","Type","Activity_Zone","Home_Zone","Zone","Volume"
"2020-04-26","WE","Jour","Local","Hors_Zone","Hors_Zone","Bongandanga","92661"
"2020-04-26","WE","Nuit","Local","Hors_Zone","Hors_Zone","Bongandanga","44449"
"2020-04-26","WE","Jour","Local","Lisala","Hors_Zone","Bongandanga","625"
"2020-04-26","WE","Nuit","Local","Lisala","Hors_Zone","Bongandanga","625"
"2020-04-26","WE","Jour","Local","Bongandanga","Hors_Zone","Bongandanga","55746"
"2020-04-26","WE","Nuit","Local","Bongandanga","Hors_Zone","Bongandanga","20066"
"2020-04-26","WE","Jour","Local","Lisala","Lisala","Bongandanga","1250"
"2020-04-26","WE","Nuit","Local","Lisala","Lisala","Bongandanga","1250"
"2020-04-26","WE","Jour","Local","Hors_Zone","Bongandanga","Bongandanga","6877"
"2020-04-26","WE","Nuit","Local","Hors_Zone","Bongandanga","Bongandanga","10003"
"2020-04-26","WE","Jour","Local","Bongandanga","Bongandanga","Bongandanga","175334"
"2020-04-26","WE","Nuit","Local","Bongandanga","Bongandanga","Bongandanga","133391"
"2020-04-26","WE","Jour","Local","Hors_Zone","Hors_Zone","Mushie","233397"
"2020-04-26","WE","Nuit","Local","Hors_Zone","Hors_Zone","Mushie","74017"
"2020-04-26","WE","Jour","Local","Nioki","Hors_Zone","Mushie","28268"
"2020-04-26","WE","Nuit","Local","Nioki","Hors_Zone","Mushie","13047"
"2020-04-26","WE","Jour","Local","Bolobo","Hors_Zone","Mushie","4349"
"2020-04-26","WE","Nuit","Local","Bolobo","Hors_Zone","Mushie","3261"
"2020-04-26","WE","Jour","Local","Mushie","Hors_Zone","Mushie","97854"
"2020-04-26","WE","Nuit","Local","Mushie","Hors_Zone","Mushie","22846"
"2020-04-26","WE","Jour","Local","Bolobo","Kikongo","Mushie","1087"
"2020-04-26","WE","Jour","Local","Hors_Zone","Nioki","Mushie","1087"
"2020-04-26","WE","Nuit","Local","Hors_Zone","Nioki","Mushie","1087"
"2020-04-26","WE","Jour","Local","Nioki","Nioki","Mushie","7610"
"2020-04-26","WE","Nuit","Local","Nioki","Nioki","Mushie","13047"
"2020-04-26","WE","Jour","Local","Mushie","Nioki","Mushie","6523"
"2020-04-26","WE","Nuit","Local","Mushie","Nioki","Mushie","2174"
"2020-04-26","WE","Jour","Local","Hors_Zone","Bolobo","Mushie","1087"
"2020-04-26","WE","Jour","Local","Bolobo","Bolobo","Mushie","4349"
"2020-04-26","WE","Nuit","Local","Bolobo","Bolobo","Mushie","7624"
"2020-04-26","WE","Jour","Local","Mushie","Bolobo","Mushie","1087"
"2020-04-26","WE","Jour","Local","Hors_Zone","Mushie","Mushie","13047"
"2020-04-26","WE","Nuit","Local","Hors_Zone","Mushie","Mushie","22832"
"2020-04-26","WE","Jour","Local","Nioki","Mushie","Mushie","4349"
"2020-04-26","WE","Nuit","Local","Nioki","Mushie","Mushie","14134"
"2020-04-26","WE","Jour","Local","Bolobo","Mushie","Mushie","1087"
"2020-04-26","WE","Nuit","Local","Bolobo","Mushie","Mushie","2174"
"2020-04-26","WE","Jour","Local","Mushie","Mushie","Mushie","130499"
"2020-04-26","WE","Nuit","Local","Mushie","Mushie","Mushie","94619"
"2020-04-26","WE","Jour","Local","Hors_Zone","Hors_Zone","Wangata","1451326"
"2020-04-26","WE","Nuit","Local","Hors_Zone","Hors_Zone","Wangata","681618"
"2020-04-26","WE","Jour","Local","Bosondjo","Hors_Zone","Wangata","625"
"2020-04-26","WE","Nuit","Local","Bosondjo","Hors_Zone","Wangata","625"
"2020-04-26","WE","Jour","Local","Bolomba","Hors_Zone","Wangata","29455"
"2020-04-26","WE","Nuit","Local","Bolomba","Hors_Zone","Wangata","21258"
"2020-04-26","WE","Jour","Local","Wangata","Hors_Zone","Wangata","288418"
"2020-04-26","WE","Nuit","Local","Wangata","Hors_Zone","Wangata","111375"
"2020-04-26","WE","Jour","Local","Bikoro","Hors_Zone","Wangata","3126"
"2020-04-26","WE","Nuit","Local","Bikoro","Hors_Zone","Wangata","1250"
"2020-04-26","WE","Nuit","Local","Kimbanseke","Kimbanseke","Wangata","625"
"2020-04-26","WE","Jour","Local","Lisala","Lisala","Wangata","45"
"2020-04-26","WE","Nuit","Local","Hors_Zone","Kingabwa","Wangata","625"
"2020-04-26","WE","Jour","Local","Hors_Zone","Bolomba","Wangata","70694"
"2020-04-26","WE","Nuit","Local","Hors_Zone","Bolomba","Wangata","44421"
"2020-04-26","WE","Jour","Local","Bolomba","Bolomba","Wangata","312661"
"2020-04-26","WE","Nuit","Local","Bolomba","Bolomba","Wangata","228254"
"2020-04-26","WE","Jour","Local","Wangata","Bolomba","Wangata","135066"
"2020-04-26","WE","Nuit","Local","Wangata","Bolomba","Wangata","78155"
"2020-04-26","WE","Jour","Local","Bikoro","Bolomba","Wangata","5001"
"2020-04-26","WE","Nuit","Local","Bikoro","Bolomba","Wangata","3751"
"2020-04-26","WE","Jour","Local","Hors_Zone","Wangata","Wangata","380740"
"2020-04-26","WE","Nuit","Local","Hors_Zone","Wangata","Wangata","432463"
"2020-04-26","WE","Jour","Local","Bolomba","Wangata","Wangata","62537"
"2020-04-26","WE","Nuit","Local","Bolomba","Wangata","Wangata","87561"
"2020-04-26","WE","Jour","Local","Wangata","Wangata","Wangata","2131539"
"2020-04-26","WE","Nuit","Local","Wangata","Wangata","Wangata","1981431"
"2020-04-26","WE","Jour","Local","Bikoro","Wangata","Wangata","4376"
"2020-04-26","WE","Nuit","Local","Bikoro","Wangata","Wangata","5627"
"2020-04-26","WE","Jour","Local","Hors_Zone","Bikoro","Wangata","5001"
"2020-04-26","WE","Nuit","Local","Hors_Zone","Bikoro","Wangata","5001"
"2020-04-26","WE","Jour","Local","Bolomba","Bikoro","Wangata","11254"
"2020-04-26","WE","Nuit","Local","Bolomba","Bikoro","Wangata","6877"
"2020-04-26","WE","Jour","Local","Wangata","Bikoro","Wangata","2500"
"2020-04-26","WE","Nuit","Local","Wangata","Bikoro","Wangata","1250"
"2020-04-26","WE","Jour","Local","Bikoro","Bikoro","Wangata","23133"
"2020-04-26","WE","Nuit","Local","Bikoro","Bikoro","Wangata","15005"
"2020-04-26","WE","Jour","Local","Hors_Zone","Hors_Zone","Bikoro","499226"
"2020-04-26","WE","Nuit","Local","Hors_Zone","Hors_Zone","Bikoro","192322"
"2020-04-26","WE","Jour","Local","Bolomba","Hors_Zone","Bikoro","2500"
"2020-04-26","WE","Nuit","Local","Bolomba","Hors_Zone","Bikoro","4376"
"2020-04-26","WE","Jour","Local","Wangata","Hors_Zone","Bikoro","2500"
"2020-04-26","WE","Nuit","Local","Wangata","Hors_Zone","Bikoro","1875"
"2020-04-26","WE","Jour","Local","Bikoro","Hors_Zone","Bikoro","233402"
"2020-04-26","WE","Nuit","Local","Bikoro","Hors_Zone","Bikoro","76426"
"2020-04-26","WE","Jour","Local","Hors_Zone","Bolomba","Bikoro","4376"
"2020-04-26","WE","Nuit","Local","Hors_Zone","Bolomba","Bikoro","625"
"2020-04-26","WE","Jour","Local","Bolomba","Bolomba","Bikoro","18145"
"2020-04-26","WE","Nuit","Local","Bolomba","Bolomba","Bikoro","16909"
"2020-04-26","WE","Nuit","Local","Wangata","Bolomba","Bikoro","1250"
"2020-04-26","WE","Jour","Local","Bikoro","Bolomba","Bikoro","2500"
"2020-04-26","WE","Jour","Local","Hors_Zone","Wangata","Bikoro","6252"
"2020-04-26","WE","Nuit","Local","Hors_Zone","Wangata","Bikoro","1875"
"2020-04-26","WE","Jour","Local","Bolomba","Wangata","Bikoro","3126"
"2020-04-26","WE","Nuit","Local","Bolomba","Wangata","Bikoro","3126"
"2020-04-26","WE","Jour","Local","Wangata","Wangata","Bikoro","12504"
"2020-04-26","WE","Nuit","Local","Wangata","Wangata","Bikoro","10003"
"2020-04-26","WE","Jour","Local","Bikoro","Wangata","Bikoro","2500"
"2020-04-26","WE","Jour","Local","Hors_Zone","Bikoro","Bikoro","81375"
"2020-04-26","WE","Nuit","Local","Hors_Zone","Bikoro","Bikoro","77697"
"2020-04-26","WE","Jour","Local","Bolomba","Bikoro","Bikoro","11254"
"2020-04-26","WE","Nuit","Local","Bolomba","Bikoro","Bikoro","18757"
"2020-04-26","WE","Jour","Local","Wangata","Bikoro","Bikoro","1875"
"2020-04-26","WE","Nuit","Local","Wangata","Bikoro","Bikoro","2500"
"2020-04-26","WE","Jour","Local","Bikoro","Bikoro","Bikoro","838209"
"2020-04-26","WE","Nuit","Local","Bikoro","Bikoro","Bikoro","697423"
"2020-04-26","WE","Jour","Etranger","Hors_Zone","Hors_Zone","Miabi","29"
"2020-04-26","WE","Jour","Etranger","Tshilenge","Hors_Zone","Tshilenge","48"
"2020-04-26","WE","Jour","Etranger","Tshilenge","Tshilenge","Tshilenge","36"
"2020-04-26","WE","Nuit","Etranger","Tshilenge","Tshilenge","Tshilenge","36"
"2020-04-26","WE","Jour","Etranger","Tshilenge","Diulu","Tshilenge","29"
"2020-04-26","WE","Nuit","Etranger","Tshilenge","Diulu","Tshilenge","29"
"2020-04-26","WE","Jour","Etranger","Cilundu","Hors_Zone","Cilundu","58"
"2020-04-26","WE","Nuit","Etranger","Hors_Zone","Cilundu","Cilundu","29"
"2020-04-26","WE","Jour","Etranger","Cilundu","Cilundu","Cilundu","23"
"2020-04-26","WE","Nuit","Etranger","Cilundu","Cilundu","Cilundu","23"
"2020-04-26","WE","Jour","Etranger","Diulu","Diulu","Diulu","78"
"2020-04-26","WE","Nuit","Etranger","Diulu","Diulu","Diulu","49"
"2020-04-26","WE","Jour","Etranger","Kabeya Kamuanga","Hors_Zone","Kabeya Kamuanga","36"
"2020-04-26","WE","Jour","Etranger","Hors_Zone","Hors_Zone","Kalonda Ouest","58"
"2020-04-26","WE","Jour","Etranger","Hors_Zone","Kamwesha","Kamwesha","29"
"2020-04-26","WE","Nuit","Etranger","Hors_Zone","Kamwesha","Kamwesha","29"
"2020-04-26","WE","Jour","Etranger","Hors_Zone","Hors_Zone","Moanda","62"
"2020-04-26","WE","Jour","Etranger","Boma","Hors_Zone","Boma","30"
"2020-04-26","WE","Jour","Etranger","Boma Bungu","Boma Bungu","Boma Bungu","36"
"2020-04-26","WE","Nuit","Etranger","Boma Bungu","Boma Bungu","Boma Bungu","36"
"2020-04-26","WE","Jour","Etranger","Hors_Zone","Hors_Zone","Luozi","81"
"2020-04-26","WE","Jour","Etranger","Hors_Zone","Hors_Zone","Boko-Kivulu","29"
"2020-04-26","WE","Nuit","Etranger","Hors_Zone","Hors_Zone","Boko-Kivulu","29"
"2020-04-26","WE","Jour","Etranger","Boko-Kivulu","Boko-Kivulu","Boko-Kivulu","42"
"2020-04-26","WE","Nuit","Etranger","Boko-Kivulu","Boko-Kivulu","Boko-Kivulu","42"
"2020-04-26","WE","Jour","Etranger","Hors_Zone","Hors_Zone","Kwilu-Ngongo","80"
"2020-04-26","WE","Jour","Etranger","Kwilu-Ngongo","Hors_Zone","Kwilu-Ngongo","40"
"2020-04-26","WE","Jour","Etranger","Hors_Zone","Hors_Zone","Kikwit-Sud","103"
"2020-04-26","WE","Jour","Etranger","Hors_Zone","Hors_Zone","Basoko","34"
"2020-04-26","WE","Jour","Etranger","Hors_Zone","Hors_Zone","Yakusu","29"
"2020-04-26","WE","Jour","Etranger","Hors_Zone","Hors_Zone","Matadi","48"
"2020-04-26","WE","Jour","Etranger","Hors_Zone","Matadi","Matadi","36"
"2020-04-26","WE","Nuit","Etranger","Hors_Zone","Matadi","Matadi","36"
"2020-04-26","WE","Jour","Etranger","Hors_Zone","Hors_Zone","Ndjili","990"
"2020-04-26","WE","Nuit","Etranger","Hors_Zone","Hors_Zone","Ndjili","333"
"2020-04-26","WE","Jour","Etranger","Hors_Zone","Ndjili","Ndjili","36"
"2020-04-26","WE","Jour","Etranger","Ndjili","Ndjili","Ndjili","65"
"2020-04-26","WE","Nuit","Etranger","Ndjili","Ndjili","Ndjili","36"
"2020-04-26","WE","Nuit","Etranger","Gombe","Gombe","Ndjili","40"
"2020-04-26","WE","Jour","Etranger","Hors_Zone","Hors_Zone","Mont Ngafula I","322"
"2020-04-26","WE","Jour","Etranger","Hors_Zone","Hors_Zone","Kikimi","525"
"2020-04-26","WE","Nuit","Etranger","Hors_Zone","Hors_Zone","Kikimi","69"
"2020-04-26","WE","Jour","Etranger","Kimbanseke","Hors_Zone","Kikimi","40"
"2020-04-26","WE","Jour","Etranger","Hors_Zone","Hors_Zone","Lemba","510"
"2020-04-26","WE","Nuit","Etranger","Hors_Zone","Hors_Zone","Lemba","371"
"2020-04-26","WE","Jour","Etranger","Lemba","Hors_Zone","Lemba","80"
"2020-04-26","WE","Jour","Etranger","Lemba","Lemba","Lemba","90"
"2020-04-26","WE","Nuit","Etranger","Lemba","Lemba","Lemba","90"
"2020-04-26","WE","Jour","Etranger","Binza Ozone","Binza Ozone","Lemba","40"
"2020-04-26","WE","Jour","Etranger","Hors_Zone","Hors_Zone","Matete","640"
"2020-04-26","WE","Nuit","Etranger","Hors_Zone","Hors_Zone","Matete","192"
"2020-04-26","WE","Nuit","Etranger","Matete","Matete","Matete","46"
"2020-04-26","WE","Jour","Etranger","Hors_Zone","Kingabwa","Matete","40"
"2020-04-26","WE","Nuit","Etranger","Gombe","Gombe","Matete","40"
"2020-04-26","WE","Jour","Etranger","Hors_Zone","Hors_Zone","Kisenso","51"
"2020-04-26","WE","Nuit","Etranger","Hors_Zone","Hors_Zone","Kisenso","40"
"2020-04-26","WE","Jour","Etranger","Kisenso","Kisenso","Kisenso","40"
"2020-04-26","WE","Jour","Etranger","Hors_Zone","Hors_Zone","Police","51"
"2020-04-26","WE","Nuit","Etranger","Hors_Zone","Hors_Zone","Police","43"
"2020-04-26","WE","Jour","Etranger","Police","Hors_Zone","Police","61"
"2020-04-26","WE","Jour","Etranger","Police","Police","Police","71"
"2020-04-26","WE","Jour","Etranger","Binza Ozone","Binza Meteo","Police","40"
"2020-04-26","WE","Jour","Etranger","Hors_Zone","Hors_Zone","Barumbu","1200"
"2020-04-26","WE","Nuit","Etranger","Hors_Zone","Hors_Zone","Barumbu","496"
"2020-04-26","WE","Jour","Etranger","Barumbu","Hors_Zone","Barumbu","60"
"2020-04-26","WE","Jour","Etranger","Binza Ozone","Hors_Zone","Barumbu","40"
"2020-04-26","WE","Jour","Etranger","Gombe","Hors_Zone","Barumbu","40"
"2020-04-26","WE","Jour","Etranger","Hors_Zone","Barumbu","Barumbu","44"
"2020-04-26","WE","Jour","Etranger","Barumbu","Barumbu","Barumbu","110"
"2020-04-26","WE","Nuit","Etranger","Barumbu","Barumbu","Barumbu","110"
"2020-04-26","WE","Jour","Etranger","Hors_Zone","Hors_Zone","Kinshasa","1132"
"2020-04-26","WE","Nuit","Etranger","Hors_Zone","Hors_Zone","Kinshasa","153"
"2020-04-26","WE","Jour","Etranger","Kinshasa","Hors_Zone","Kinshasa","156"
"2020-04-26","WE","Nuit","Etranger","Hors_Zone","Barumbu","Kinshasa","40"
"2020-04-26","WE","Jour","Etranger","Kinshasa","Kinshasa","Kinshasa","40"
"2020-04-26","WE","Nuit","Etranger","Kinshasa","Kinshasa","Kinshasa","29"
"2020-04-26","WE","Jour","Etranger","Hors_Zone","Gombe","Kinshasa","40"
"2020-04-26","WE","Nuit","Etranger","Hors_Zone","Gombe","Kinshasa","40"
"2020-04-26","WE","Nuit","Etranger","Gombe","Gombe","Kinshasa","40"
"2020-04-26","WE","Jour","Etranger","Hors_Zone","Hors_Zone","Limete","1235"
"2020-04-26","WE","Nuit","Etranger","Hors_Zone","Hors_Zone","Limete","243"
"2020-04-26","WE","Jour","Etranger","Lemba","Hors_Zone","Limete","40"
"2020-04-26","WE","Jour","Etranger","Barumbu","Hors_Zone","Limete","40"
"2020-04-26","WE","Jour","Etranger","Limete","Hors_Zone","Limete","199"
"2020-04-26","WE","Nuit","Etranger","Limete","Hors_Zone","Limete","51"
"2020-04-26","WE","Jour","Etranger","Nsele","Hors_Zone","Limete","40"
"2020-04-26","WE","Nuit","Etranger","Hors_Zone","Barumbu","Limete","44"
"2020-04-26","WE","Jour","Etranger","Limete","Limete","Limete","149"
"2020-04-26","WE","Nuit","Etranger","Limete","Limete","Limete","109"
"2020-04-26","WE","Nuit","Etranger","Kingabwa","Limete","Limete","29"
"2020-04-26","WE","Nuit","Etranger","Hors_Zone","Gombe","Limete","40"
"2020-04-26","WE","Jour","Etranger","Hors_Zone","Hors_Zone","Kalamu II","336"
"2020-04-26","WE","Nuit","Etranger","Hors_Zone","Hors_Zone","Kalamu II","81"
"2020-04-26","WE","Jour","Etranger","Limete","Hors_Zone","Kalamu II","36"
"2020-04-26","WE","Jour","Etranger","Kalamu II","Hors_Zone","Kalamu II","40"
"2020-04-26","WE","Jour","Etranger","Kokolo","Hors_Zone","Kalamu II","39"
"2020-04-26","WE","Jour","Etranger","Hors_Zone","Hors_Zone","Kalamu I","917"
"2020-04-26","WE","Nuit","Etranger","Hors_Zone","Hors_Zone","Kalamu I","163"
"2020-04-26","WE","Nuit","Etranger","Hors_Zone","Barumbu","Kalamu I","40"
"2020-04-26","WE","Jour","Etranger","Hors_Zone","Kalamu I","Kalamu I","40"
"2020-04-26","WE","Jour","Etranger","Hors_Zone","Kasa-Vubu","Kalamu I","40"
"2020-04-26","WE","Jour","Etranger","Hors_Zone","Hors_Zone","Bumbu","336"
"2020-04-26","WE","Jour","Etranger","Hors_Zone","Hors_Zone","Makala","40"
"2020-04-26","WE","Nuit","Etranger","Hors_Zone","Hors_Zone","Makala","40"
"2020-04-26","WE","Jour","Etranger","Hors_Zone","Hors_Zone","Selembao","291"
"2020-04-26","WE","Nuit","Etranger","Hors_Zone","Hors_Zone","Selembao","40"
"2020-04-26","WE","Nuit","Etranger","Selembao","Hors_Zone","Selembao","40"
"2020-04-26","WE","Jour","Etranger","Hors_Zone","Hors_Zone","Masina I","458"
"2020-04-26","WE","Nuit","Etranger","Hors_Zone","Hors_Zone","Masina I","40"
"2020-04-26","WE","Nuit","Etranger","Nsele","Hors_Zone","Masina I","40"
"2020-04-26","WE","Jour","Etranger","Hors_Zone","Masina I","Masina I","30"
"2020-04-26","WE","Nuit","Etranger","Hors_Zone","Masina I","Masina I","59"
"2020-04-26","WE","Jour","Etranger","Hors_Zone","Hors_Zone","Kintambo","1622"
"2020-04-26","WE","Nuit","Etranger","Hors_Zone","Hors_Zone","Kintambo","550"
"2020-04-26","WE","Jour","Etranger","Kintambo","Hors_Zone","Kintambo","120"
"2020-04-26","WE","Jour","Etranger","Binza Meteo","Hors_Zone","Kintambo","36"
"2020-04-26","WE","Nuit","Etranger","Binza Meteo","Hors_Zone","Kintambo","40"
"2020-04-26","WE","Nuit","Etranger","Binza Ozone","Hors_Zone","Kintambo","40"
"2020-04-26","WE","Jour","Etranger","Kintambo","Binza Ozone","Kintambo","40"
"2020-04-26","WE","Nuit","Etranger","Kintambo","Binza Ozone","Kintambo","40"
"2020-04-26","WE","Jour","Etranger","Hors_Zone","Hors_Zone","Kasa-Vubu","884"
"2020-04-26","WE","Nuit","Etranger","Hors_Zone","Hors_Zone","Kasa-Vubu","80"
"2020-04-26","WE","Jour","Etranger","Kasa-Vubu","Hors_Zone","Kasa-Vubu","24"
"2020-04-26","WE","Jour","Etranger","Ngiri-Ngiri","Hors_Zone","Kasa-Vubu","36"
"2020-04-26","WE","Nuit","Etranger","Gombe","Hors_Zone","Kasa-Vubu","40"
"2020-04-26","WE","Jour","Etranger","Kasa-Vubu","Kasa-Vubu","Kasa-Vubu","40"
"2020-04-26","WE","Nuit","Etranger","Kasa-Vubu","Kasa-Vubu","Kasa-Vubu","42"
"2020-04-26","WE","Jour","Etranger","Gombe","Binza Meteo","Kasa-Vubu","40"
"2020-04-26","WE","Jour","Etranger","Hors_Zone","Hors_Zone","Ngiri-Ngiri","1377"
"2020-04-26","WE","Nuit","Etranger","Hors_Zone","Hors_Zone","Ngiri-Ngiri","153"
"2020-04-26","WE","Jour","Etranger","Binza Ozone","Hors_Zone","Ngiri-Ngiri","40"
"2020-04-26","WE","Jour","Etranger","Hors_Zone","Barumbu","Ngiri-Ngiri","40"
"2020-04-26","WE","Jour","Etranger","Hors_Zone","Binza Meteo","Ngiri-Ngiri","40"
"2020-04-26","WE","Nuit","Etranger","Hors_Zone","Binza Meteo","Ngiri-Ngiri","40"
"2020-04-26","WE","Jour","Etranger","Hors_Zone","Hors_Zone","Binza Meteo","9551"
"2020-04-26","WE","Nuit","Etranger","Hors_Zone","Hors_Zone","Binza Meteo","1691"
"2020-04-26","WE","Jour","Etranger","Binza Meteo","Hors_Zone","Binza Meteo","618"
"2020-04-26","WE","Nuit","Etranger","Binza Meteo","Hors_Zone","Binza Meteo","96"
"2020-04-26","WE","Jour","Etranger","Binza Ozone","Hors_Zone","Binza Meteo","81"
"2020-04-26","WE","Nuit","Etranger","Binza Ozone","Hors_Zone","Binza Meteo","81"
"2020-04-26","WE","Jour","Etranger","Mont Ngafula II","Hors_Zone","Binza Meteo","40"
"2020-04-26","WE","Jour","Etranger","Hors_Zone","Binza Meteo","Binza Meteo","255"
"2020-04-26","WE","Nuit","Etranger","Hors_Zone","Binza Meteo","Binza Meteo","182"
"2020-04-26","WE","Jour","Etranger","Binza Meteo","Binza Meteo","Binza Meteo","519"
"2020-04-26","WE","Nuit","Etranger","Binza Meteo","Binza Meteo","Binza Meteo","575"
"2020-04-26","WE","Jour","Etranger","Hors_Zone","Binza Ozone","Binza Meteo","81"
"2020-04-26","WE","Nuit","Etranger","Hors_Zone","Binza Ozone","Binza Meteo","40"
"2020-04-26","WE","Jour","Etranger","Binza Meteo","Binza Ozone","Binza Meteo","40"
"2020-04-26","WE","Jour","Etranger","Binza Ozone","Binza Ozone","Binza Meteo","203"
"2020-04-26","WE","Nuit","Etranger","Binza Ozone","Binza Ozone","Binza Meteo","40"
"2020-04-26","WE","Jour","Etranger","Binza Meteo","Nsele","Binza Meteo","40"
"2020-04-26","WE","Jour","Etranger","Gombe","Gombe","Binza Meteo","29"
"2020-04-26","WE","Jour","Etranger","Hors_Zone","Hors_Zone","Binza Ozone","8691"
"2020-04-26","WE","Nuit","Etranger","Hors_Zone","Hors_Zone","Binza Ozone","1764"
"2020-04-26","WE","Jour","Etranger","Binza Meteo","Hors_Zone","Binza Ozone","40"
"2020-04-26","WE","Nuit","Etranger","Binza Meteo","Hors_Zone","Binza Ozone","40"
"2020-04-26","WE","Jour","Etranger","Binza Ozone","Hors_Zone","Binza Ozone","418"
"2020-04-26","WE","Nuit","Etranger","Binza Ozone","Hors_Zone","Binza Ozone","81"
"2020-04-26","WE","Jour","Etranger","Hors_Zone","Barumbu","Binza Ozone","40"
"2020-04-26","WE","Nuit","Etranger","Hors_Zone","Binza Meteo","Binza Ozone","40"
"2020-04-26","WE","Nuit","Etranger","Gombe","Binza Meteo","Binza Ozone","40"
"2020-04-26","WE","Jour","Etranger","Hors_Zone","Binza Ozone","Binza Ozone","173"
"2020-04-26","WE","Nuit","Etranger","Hors_Zone","Binza Ozone","Binza Ozone","377"
"2020-04-26","WE","Jour","Etranger","Binza Ozone","Binza Ozone","Binza Ozone","226"
"2020-04-26","WE","Nuit","Etranger","Binza Ozone","Binza Ozone","Binza Ozone","203"
"2020-04-26","WE","Jour","Etranger","Hors_Zone","Mont Ngafula II","Binza Ozone","40"
"2020-04-26","WE","Jour","Etranger","Gombe","Gombe","Binza Ozone","40"
"2020-04-26","WE","Nuit","Etranger","Gombe","Gombe","Binza Ozone","36"
"2020-04-26","WE","Jour","Etranger","Hors_Zone","Hors_Zone","Mont Ngafula II","4824"
"2020-04-26","WE","Nuit","Etranger","Hors_Zone","Hors_Zone","Mont Ngafula II","852"
"2020-04-26","WE","Jour","Etranger","Mont Ngafula II","Hors_Zone","Mont Ngafula II","51"
"2020-04-26","WE","Nuit","Etranger","Mont Ngafula II","Hors_Zone","Mont Ngafula II","40"
"2020-04-26","WE","Jour","Etranger","Hors_Zone","Binza Ozone","Mont Ngafula II","81"
"2020-04-26","WE","Jour","Etranger","Hors_Zone","Mont Ngafula II","Mont Ngafula II","81"
"2020-04-26","WE","Nuit","Etranger","Hors_Zone","Mont Ngafula II","Mont Ngafula II","40"
"2020-04-26","WE","Jour","Etranger","Mont Ngafula II","Mont Ngafula II","Mont Ngafula II","100"
"2020-04-26","WE","Nuit","Etranger","Mont Ngafula II","Mont Ngafula II","Mont Ngafula II","81"
"2020-04-26","WE","Jour","Etranger","Hors_Zone","Kingabwa","Mont Ngafula II","29"
"2020-04-26","WE","Nuit","Etranger","Hors_Zone","Kingabwa","Mont Ngafula II","29"
"2020-04-26","WE","Jour","Etranger","Hors_Zone","Hors_Zone","Nsele","2379"
"2020-04-26","WE","Nuit","Etranger","Hors_Zone","Hors_Zone","Nsele","962"
"2020-04-26","WE","Jour","Etranger","Limete","Hors_Zone","Nsele","29"
"2020-04-26","WE","Nuit","Etranger","Limete","Hors_Zone","Nsele","29"
"2020-04-26","WE","Jour","Etranger","Nsele","Hors_Zone","Nsele","290"
"2020-04-26","WE","Nuit","Etranger","Nsele","Hors_Zone","Nsele","22"
"2020-04-26","WE","Jour","Etranger","Gombe","Hors_Zone","Nsele","40"
"2020-04-26","WE","Jour","Etranger","Limete","Limete","Nsele","23"
"2020-04-26","WE","Nuit","Etranger","Limete","Limete","Nsele","27"
"2020-04-26","WE","Jour","Etranger","Binza Meteo","Binza Meteo","Nsele","36"
"2020-04-26","WE","Jour","Etranger","Nsele","Nsele","Nsele","152"
"2020-04-26","WE","Nuit","Etranger","Nsele","Nsele","Nsele","103"
"2020-04-26","WE","Jour","Etranger","Gombe","Gombe","Nsele","58"
"2020-04-26","WE","Nuit","Etranger","Gombe","Gombe","Nsele","29"
"2020-04-26","WE","Jour","Etranger","Hors_Zone","Hors_Zone","Kimbanseke","367"
"2020-04-26","WE","Nuit","Etranger","Hors_Zone","Hors_Zone","Kimbanseke","40"
"2020-04-26","WE","Jour","Etranger","Kimbanseke","Hors_Zone","Kimbanseke","40"
"2020-04-26","WE","Jour","Etranger","Hors_Zone","Kimbanseke","Kimbanseke","40"
"2020-04-26","WE","Nuit","Etranger","Hors_Zone","Kimbanseke","Kimbanseke","40"
"2020-04-26","WE","Jour","Etranger","Hors_Zone","Hors_Zone","Loko","123"
"2020-04-26","WE","Jour","Etranger","Loko","Loko","Loko","30"
"2020-04-26","WE","Jour","Etranger","Hors_Zone","Hors_Zone","Kokolo","944"
"2020-04-26","WE","Nuit","Etranger","Hors_Zone","Hors_Zone","Kokolo","148"
"2020-04-26","WE","Jour","Etranger","Kokolo","Hors_Zone","Kokolo","75"
"2020-04-26","WE","Nuit","Etranger","Kokolo","Hors_Zone","Kokolo","36"
"2020-04-26","WE","Jour","Etranger","Hors_Zone","Kokolo","Kokolo","29"
"2020-04-26","WE","Nuit","Etranger","Hors_Zone","Kokolo","Kokolo","58"
"2020-04-26","WE","Jour","Etranger","Kokolo","Kokolo","Kokolo","78"
"2020-04-26","WE","Nuit","Etranger","Kokolo","Kokolo","Kokolo","78"
"2020-04-26","WE","Nuit","Etranger","Hors_Zone","Gombe","Kokolo","40"
"2020-04-26","WE","Jour","Etranger","Hors_Zone","Hors_Zone","Makiso-Kisangani","125"
"2020-04-26","WE","Nuit","Etranger","Hors_Zone","Hors_Zone","Makiso-Kisangani","68"
"2020-04-26","WE","Nuit","Etranger","Makiso-Kisangani","Makiso-Kisangani","Makiso-Kisangani","22"
"2020-04-26","WE","Nuit","Etranger","Hors_Zone","Hors_Zone","Wanierukula","44"
"2020-04-26","WE","Jour","Etranger","Wanierukula","Hors_Zone","Wanierukula","29"
"2020-04-26","WE","Jour","Etranger","Hors_Zone","Hors_Zone","Kimpese","40"
"2020-04-26","WE","Jour","Etranger","Kimpese","Kimpese","Kimpese","29"
"2020-04-26","WE","Nuit","Etranger","Kimpese","Kimpese","Kimpese","29"
"2020-04-26","WE","Jour","Etranger","Hors_Zone","Hors_Zone","Nsona-Mpangu","48"
"2020-04-26","WE","Jour","Etranger","Nsona-Mpangu","Hors_Zone","Nsona-Mpangu","69"
"2020-04-26","WE","Jour","Etranger","Hors_Zone","Hors_Zone","Kinkonzi","40"
"2020-04-26","WE","Jour","Etranger","Hors_Zone","Hors_Zone","Mangembo","897"
"2020-04-26","WE","Nuit","Etranger","Hors_Zone","Hors_Zone","Mangembo","81"
"2020-04-26","WE","Jour","Etranger","Mangembo","Mangembo","Mangembo","40"
"2020-04-26","WE","Nuit","Etranger","Mangembo","Mangembo","Mangembo","40"
"2020-04-26","WE","Jour","Etranger","Hors_Zone","Hors_Zone","Mbanza-Ngungu","815"
"2020-04-26","WE","Nuit","Etranger","Hors_Zone","Hors_Zone","Mbanza-Ngungu","122"
"2020-04-26","WE","Jour","Etranger","Hors_Zone","Hors_Zone","Masa","693"
"2020-04-26","WE","Nuit","Etranger","Hors_Zone","Hors_Zone","Masa","163"
"2020-04-26","WE","Jour","Etranger","Masa","Hors_Zone","Masa","122"
"2020-04-26","WE","Jour","Etranger","Masa","Masa","Masa","29"
"2020-04-26","WE","Jour","Etranger","Hors_Zone","Hors_Zone","Zongo","894"
"2020-04-26","WE","Nuit","Etranger","Hors_Zone","Hors_Zone","Zongo","143"
"2020-04-26","WE","Jour","Etranger","Zongo","Hors_Zone","Zongo","57"
"2020-04-26","WE","Jour","Etranger","Hors_Zone","Hors_Zone","Tandala","1366"
"2020-04-26","WE","Nuit","Etranger","Hors_Zone","Hors_Zone","Tandala","331"
"2020-04-26","WE","Jour","Etranger","Tandala","Hors_Zone","Tandala","159"
"2020-04-26","WE","Nuit","Etranger","Tandala","Hors_Zone","Tandala","40"
"2020-04-26","WE","Nuit","Etranger","Hors_Zone","Tandala","Tandala","51"
"2020-04-26","WE","Jour","Etranger","Tandala","Tandala","Tandala","112"
"2020-04-26","WE","Nuit","Etranger","Tandala","Tandala","Tandala","91"
"2020-04-26","WE","Jour","Etranger","Hors_Zone","Hors_Zone","Gbadolite","30"
"2020-04-26","WE","Jour","Etranger","Hors_Zone","Hors_Zone","Monga","51"
"2020-04-26","WE","Nuit","Etranger","Hors_Zone","Hors_Zone","Monga","30"
"2020-04-26","WE","Jour","Etranger","Hors_Zone","Hors_Zone","Poko","44"
"2020-04-26","WE","Nuit","Etranger","Hors_Zone","Hors_Zone","Mukanga","29"
"2020-04-26","WE","Jour","Etranger","Mukanga","Mukanga","Mukanga","29"
"2020-04-26","WE","Jour","Etranger","Hors_Zone","Hors_Zone","Kamina","42"
"2020-04-26","WE","Nuit","Etranger","Hors_Zone","Hors_Zone","Kamina","42"
"2020-04-26","WE","Jour","Etranger","Hors_Zone","Kamina","Kamina","27"
"2020-04-26","WE","Nuit","Etranger","Hors_Zone","Hors_Zone","Tshamilemba","40"
"2020-04-26","WE","Jour","Etranger","Hors_Zone","Tshamilemba","Tshamilemba","50"
"2020-04-26","WE","Jour","Etranger","Tshamilemba","Tshamilemba","Tshamilemba","340"
"2020-04-26","WE","Nuit","Etranger","Tshamilemba","Tshamilemba","Tshamilemba","290"
"2020-04-26","WE","Nuit","Etranger","Rwashi","Tshamilemba","Tshamilemba","29"
"2020-04-26","WE","Jour","Etranger","Hors_Zone","Hors_Zone","Pweto","106"
"2020-04-26","WE","Jour","Etranger","Hors_Zone","Hors_Zone","Kikula","58"
"2020-04-26","WE","Nuit","Etranger","Hors_Zone","Hors_Zone","Kikula","87"
"2020-04-26","WE","Jour","Etranger","Kikula","Hors_Zone","Kikula","58"
"2020-04-26","WE","Nuit","Etranger","Hors_Zone","Kikula","Kikula","46"
"2020-04-26","WE","Jour","Etranger","Kikula","Kikula","Kikula","52"
"2020-04-26","WE","Nuit","Etranger","Kikula","Kikula","Kikula","40"
"2020-04-26","WE","Jour","Etranger","Hors_Zone","Hors_Zone","Kapolowe","604"
"2020-04-26","WE","Nuit","Etranger","Hors_Zone","Hors_Zone","Kapolowe","336"
"2020-04-26","WE","Jour","Etranger","Kapolowe","Hors_Zone","Kapolowe","205"
"2020-04-26","WE","Nuit","Etranger","Kapolowe","Hors_Zone","Kapolowe","40"
"2020-04-26","WE","Jour","Etranger","Likasi","Hors_Zone","Kapolowe","125"
"2020-04-26","WE","Nuit","Etranger","Likasi","Hors_Zone","Kapolowe","23"
"2020-04-26","WE","Jour","Etranger","Manika","Hors_Zone","Kapolowe","35"
"2020-04-26","WE","Jour","Etranger","Kikula","Kikula","Kapolowe","29"
"2020-04-26","WE","Jour","Etranger","Hors_Zone","Kapolowe","Kapolowe","247"
"2020-04-26","WE","Nuit","Etranger","Hors_Zone","Kapolowe","Kapolowe","398"
"2020-04-26","WE","Jour","Etranger","Kapolowe","Kapolowe","Kapolowe","664"
"2020-04-26","WE","Nuit","Etranger","Kapolowe","Kapolowe","Kapolowe","416"
"2020-04-26","WE","Jour","Etranger","Likasi","Kapolowe","Kapolowe","36"
"2020-04-26","WE","Nuit","Etranger","Likasi","Kapolowe","Kapolowe","178"
"2020-04-26","WE","Jour","Etranger","Lualaba","Lualaba","Kapolowe","30"
"2020-04-26","WE","Nuit","Etranger","Lualaba","Lualaba","Kapolowe","30"
"2020-04-26","WE","Jour","Etranger","Kapolowe","Likasi","Kapolowe","88"
"2020-04-26","WE","Nuit","Etranger","Kapolowe","Likasi","Kapolowe","29"
"2020-04-26","WE","Jour","Etranger","Likasi","Likasi","Kapolowe","25"
"2020-04-26","WE","Nuit","Etranger","Likasi","Likasi","Kapolowe","144"
"2020-04-26","WE","Jour","Etranger","Hors_Zone","Manika","Kapolowe","35"
"2020-04-26","WE","Nuit","Etranger","Hors_Zone","Manika","Kapolowe","23"
"2020-04-26","WE","Jour","Etranger","Hors_Zone","Hors_Zone","Kampemba","35"
"2020-04-26","WE","Jour","Etranger","Lubumbashi","Hors_Zone","Kampemba","40"
"2020-04-26","WE","Nuit","Etranger","Tshamilemba","Tshamilemba","Kampemba","36"
"2020-04-26","WE","Nuit","Etranger","Hors_Zone","Lubumbashi","Kampemba","29"
"2020-04-26","WE","Nuit","Etranger","Lubumbashi","Lubumbashi","Kampemba","29"
"2020-04-26","WE","Jour","Etranger","Hors_Zone","Hors_Zone","Rwashi","213"
"2020-04-26","WE","Nuit","Etranger","Hors_Zone","Hors_Zone","Rwashi","94"
"2020-04-26","WE","Jour","Etranger","Rwashi","Hors_Zone","Rwashi","52"
"2020-04-26","WE","Nuit","Etranger","Kipushi","Hors_Zone","Rwashi","36"
"2020-04-26","WE","Jour","Etranger","Hors_Zone","Rwashi","Rwashi","29"
"2020-04-26","WE","Nuit","Etranger","Hors_Zone","Rwashi","Rwashi","40"
"2020-04-26","WE","Jour","Etranger","Rwashi","Rwashi","Rwashi","168"
"2020-04-26","WE","Nuit","Etranger","Rwashi","Rwashi","Rwashi","148"
"2020-04-26","WE","Jour","Etranger","Lubumbashi","Rwashi","Rwashi","72"
"2020-04-26","WE","Nuit","Etranger","Lubumbashi","Rwashi","Rwashi","36"
"2020-04-26","WE","Jour","Etranger","Rwashi","Kipushi","Rwashi","29"
"2020-04-26","WE","Nuit","Etranger","Hors_Zone","Hors_Zone","Kananga","32"
"2020-04-26","WE","Jour","Etranger","Kananga","Kananga","Kananga","82"
"2020-04-26","WE","Nuit","Etranger","Kananga","Kananga","Kananga","36"
"2020-04-26","WE","Jour","Etranger","Hors_Zone","Hors_Zone","Bunia","839"
"2020-04-26","WE","Nuit","Etranger","Hors_Zone","Hors_Zone","Bunia","422"
"2020-04-26","WE","Jour","Etranger","Bunia","Hors_Zone","Bunia","108"
"2020-04-26","WE","Jour","Etranger","Hors_Zone","Bunia","Bunia","46"
"2020-04-26","WE","Nuit","Etranger","Hors_Zone","Bunia","Bunia","46"
"2020-04-26","WE","Jour","Etranger","Bunia","Bunia","Bunia","154"
"2020-04-26","WE","Nuit","Etranger","Bunia","Bunia","Bunia","125"
"2020-04-26","WE","Nuit","Etranger","Hors_Zone","Gethy","Bunia","36"
"2020-04-26","WE","Jour","Etranger","Hors_Zone","Hors_Zone","Mongbalu","44"
"2020-04-26","WE","Jour","Etranger","Hors_Zone","Hors_Zone","Drodro","312"
"2020-04-26","WE","Nuit","Etranger","Hors_Zone","Hors_Zone","Drodro","89"
"2020-04-26","WE","Jour","Etranger","Hors_Zone","Hors_Zone","Logo","223"
"2020-04-26","WE","Nuit","Etranger","Hors_Zone","Hors_Zone","Logo","133"
"2020-04-26","WE","Jour","Etranger","Hors_Zone","Hors_Zone","Nyakunde","44"
"2020-04-26","WE","Jour","Etranger","Hors_Zone","Hors_Zone","Gethy","759"
"2020-04-26","WE","Nuit","Etranger","Hors_Zone","Hors_Zone","Gethy","178"
"2020-04-26","WE","Nuit","Etranger","Drodro","Hors_Zone","Gethy","44"
"2020-04-26","WE","Jour","Etranger","Gethy","Gethy","Gethy","44"
"2020-04-26","WE","Nuit","Etranger","Hors_Zone","Hors_Zone","Komanda","58"
"2020-04-26","WE","Jour","Etranger","Komanda","Komanda","Komanda","69"
"2020-04-26","WE","Nuit","Etranger","Komanda","Komanda","Komanda","69"
"2020-04-26","WE","Jour","Etranger","Hors_Zone","Hors_Zone","Angumu","937"
"2020-04-26","WE","Nuit","Etranger","Hors_Zone","Hors_Zone","Angumu","312"
"2020-04-26","WE","Jour","Etranger","Angumu","Hors_Zone","Angumu","44"
"2020-04-26","WE","Jour","Etranger","Hors_Zone","Hors_Zone","Nyarambe","2039"
"2020-04-26","WE","Nuit","Etranger","Hors_Zone","Hors_Zone","Nyarambe","669"
"2020-04-26","WE","Jour","Etranger","Nyarambe","Nyarambe","Nyarambe","44"
"2020-04-26","WE","Nuit","Etranger","Nyarambe","Nyarambe","Nyarambe","89"
"2020-04-26","WE","Jour","Etranger","Hors_Zone","Hors_Zone","Mahagi","1965"
"2020-04-26","WE","Nuit","Etranger","Hors_Zone","Hors_Zone","Mahagi","580"
"2020-04-26","WE","Jour","Etranger","Hors_Zone","Mahagi","Mahagi","44"
"2020-04-26","WE","Nuit","Etranger","Hors_Zone","Mahagi","Mahagi","44"
"2020-04-26","WE","Jour","Etranger","Hors_Zone","Hors_Zone","Aba","118"
"2020-04-26","WE","Nuit","Etranger","Hors_Zone","Hors_Zone","Aba","44"
"2020-04-26","WE","Jour","Etranger","Hors_Zone","Hors_Zone","Aru","44"
"2020-04-26","WE","Nuit","Etranger","Hors_Zone","Hors_Zone","Aru","89"
"2020-04-26","WE","Jour","Etranger","Hors_Zone","Hors_Zone","Adi","1023"
"2020-04-26","WE","Nuit","Etranger","Hors_Zone","Hors_Zone","Adi","312"
"2020-04-26","WE","Jour","Etranger","Hors_Zone","Adi","Adi","44"
"2020-04-26","WE","Nuit","Etranger","Hors_Zone","Adi","Adi","44"
"2020-04-26","WE","Jour","Etranger","Hors_Zone","Hors_Zone","Gombari","163"
"2020-04-26","WE","Nuit","Etranger","Hors_Zone","Hors_Zone","Gombari","84"
"2020-04-26","WE","Jour","Etranger","Hors_Zone","Hors_Zone","Watsa","99"
"2020-04-26","WE","Jour","Etranger","Hors_Zone","Hors_Zone","Mutoto","40"
"2020-04-26","WE","Jour","Etranger","Hors_Zone","Hors_Zone","Maluku I","3571"
"2020-04-26","WE","Nuit","Etranger","Hors_Zone","Hors_Zone","Maluku I","607"
"2020-04-26","WE","Nuit","Etranger","Nsele","Hors_Zone","Maluku I","40"
"2020-04-26","WE","Jour","Etranger","Maluku I","Hors_Zone","Maluku I","81"
"2020-04-26","WE","Jour","Etranger","Gombe","Hors_Zone","Maluku I","122"
"2020-04-26","WE","Jour","Etranger","Limete","Limete","Maluku I","29"
"2020-04-26","WE","Jour","Etranger","Hors_Zone","Binza Meteo","Maluku I","40"
"2020-04-26","WE","Nuit","Etranger","Hors_Zone","Binza Meteo","Maluku I","40"
"2020-04-26","WE","Jour","Etranger","Hors_Zone","Maluku I","Maluku I","29"
"2020-04-26","WE","Nuit","Etranger","Hors_Zone","Maluku I","Maluku I","69"
"2020-04-26","WE","Jour","Etranger","Maluku I","Maluku I","Maluku I","95"
"2020-04-26","WE","Nuit","Etranger","Maluku I","Maluku I","Maluku I","117"
"2020-04-26","WE","Jour","Etranger","Gombe","Gombe","Maluku I","110"
"2020-04-26","WE","Nuit","Etranger","Gombe","Gombe","Maluku I","78"
"2020-04-26","WE","Jour","Etranger","Maluku I","Masina II","Maluku I","40"
"2020-04-26","WE","Jour","Etranger","Nioki","Hors_Zone","Nioki","40"
"2020-04-26","WE","Jour","Etranger","Hors_Zone","Hors_Zone","Bolobo","163"
"2020-04-26","WE","Jour","Etranger","Hors_Zone","Hors_Zone","Kingabwa","1409"
"2020-04-26","WE","Nuit","Etranger","Hors_Zone","Hors_Zone","Kingabwa","274"
"2020-04-26","WE","Jour","Etranger","Binza Meteo","Hors_Zone","Kingabwa","39"
"2020-04-26","WE","Jour","Etranger","Kingabwa","Hors_Zone","Kingabwa","154"
"2020-04-26","WE","Nuit","Etranger","Kingabwa","Hors_Zone","Kingabwa","113"
"2020-04-26","WE","Jour","Etranger","Gombe","Hors_Zone","Kingabwa","40"
"2020-04-26","WE","Jour","Etranger","Kingabwa","Limete","Kingabwa","29"
"2020-04-26","WE","Jour","Etranger","Hors_Zone","Kokolo","Kingabwa","40"
"2020-04-26","WE","Jour","Etranger","Hors_Zone","Kingabwa","Kingabwa","95"
"2020-04-26","WE","Nuit","Etranger","Hors_Zone","Kingabwa","Kingabwa","40"
"2020-04-26","WE","Jour","Etranger","Kingabwa","Kingabwa","Kingabwa","178"
"2020-04-26","WE","Nuit","Etranger","Kingabwa","Kingabwa","Kingabwa","139"
"2020-04-26","WE","Nuit","Etranger","Gombe","Kingabwa","Kingabwa","40"
"2020-04-26","WE","Jour","Etranger","Kingabwa","Masina II","Kingabwa","40"
"2020-04-26","WE","Jour","Etranger","Lubunga","Hors_Zone","Lubunga","36"
"2020-04-26","WE","Jour","Etranger","Hors_Zone","Hors_Zone","Kyondo","759"
"2020-04-26","WE","Nuit","Etranger","Hors_Zone","Hors_Zone","Kyondo","144"
"2020-04-26","WE","Jour","Etranger","Mutwanga","Hors_Zone","Kyondo","44"
"2020-04-26","WE","Jour","Etranger","Hors_Zone","Mutwanga","Kyondo","44"
"2020-04-26","WE","Jour","Etranger","Hors_Zone","Hors_Zone","Beni","2642"
"2020-04-26","WE","Nuit","Etranger","Hors_Zone","Hors_Zone","Beni","1082"
"2020-04-26","WE","Jour","Etranger","Beni","Hors_Zone","Beni","182"
"2020-04-26","WE","Jour","Etranger","Oicha","Hors_Zone","Beni","34"
"2020-04-26","WE","Jour","Etranger","Hors_Zone","Beni","Beni","89"
"2020-04-26","WE","Nuit","Etranger","Hors_Zone","Beni","Beni","132"
"2020-04-26","WE","Jour","Etranger","Beni","Beni","Beni","85"
"2020-04-26","WE","Nuit","Etranger","Beni","Beni","Beni","109"
"2020-04-26","WE","Nuit","Etranger","Hors_Zone","Mutwanga","Beni","44"
"2020-04-26","WE","Jour","Etranger","Hors_Zone","Hors_Zone","Masereka","178"
"2020-04-26","WE","Jour","Etranger","Masereka","Hors_Zone","Masereka","89"
"2020-04-26","WE","Nuit","Etranger","Masereka","Hors_Zone","Masereka","44"
"2020-04-26","WE","Jour","Etranger","Masereka","Masereka","Masereka","44"
"2020-04-26","WE","Nuit","Etranger","Masereka","Masereka","Masereka","44"
"2020-04-26","WE","Jour","Etranger","Hors_Zone","Hors_Zone","Lubero","89"
"2020-04-26","WE","Nuit","Etranger","Hors_Zone","Hors_Zone","Lubero","44"
"2020-04-26","WE","Jour","Etranger","Katwa","Hors_Zone","Lubero","40"
"2020-04-26","WE","Jour","Etranger","Hors_Zone","Hors_Zone","Mutwanga","5225"
"2020-04-26","WE","Nuit","Etranger","Hors_Zone","Hors_Zone","Mutwanga","1116"
"2020-04-26","WE","Jour","Etranger","Mutwanga","Hors_Zone","Mutwanga","133"
"2020-04-26","WE","Nuit","Etranger","Mutwanga","Hors_Zone","Mutwanga","44"
"2020-04-26","WE","Jour","Etranger","Kyondo","Kyondo","Mutwanga","44"
"2020-04-26","WE","Jour","Etranger","Mutwanga","Beni","Mutwanga","44"
"2020-04-26","WE","Nuit","Etranger","Mutwanga","Beni","Mutwanga","44"
"2020-04-26","WE","Jour","Etranger","Hors_Zone","Mutwanga","Mutwanga","223"
"2020-04-26","WE","Nuit","Etranger","Hors_Zone","Mutwanga","Mutwanga","89"
"2020-04-26","WE","Jour","Etranger","Mutwanga","Mutwanga","Mutwanga","267"
"2020-04-26","WE","Nuit","Etranger","Mutwanga","Mutwanga","Mutwanga","223"
"2020-04-26","WE","Jour","Etranger","Hors_Zone","Hors_Zone","Kamango","89"
"2020-04-26","WE","Jour","Etranger","Hors_Zone","Hors_Zone","Oicha","71"
"2020-04-26","WE","Nuit","Etranger","Hors_Zone","Hors_Zone","Oicha","92"
"2020-04-26","WE","Jour","Etranger","Oicha","Hors_Zone","Oicha","92"
"2020-04-26","WE","Jour","Etranger","Oicha","Oicha","Oicha","61"
"2020-04-26","WE","Nuit","Etranger","Oicha","Oicha","Oicha","37"
"2020-04-26","WE","Jour","Etranger","Hors_Zone","Hors_Zone","Binza","23675"
"2020-04-26","WE","Nuit","Etranger","Hors_Zone","Hors_Zone","Binza","4476"
"2020-04-26","WE","Jour","Etranger","Binza","Hors_Zone","Binza","2009"
"2020-04-26","WE","Nuit","Etranger","Binza","Hors_Zone","Binza","446"
"2020-04-26","WE","Jour","Etranger","Rwanguba","Hors_Zone","Binza","44"
"2020-04-26","WE","Jour","Etranger","Hors_Zone","Binza","Binza","514"
"2020-04-26","WE","Nuit","Etranger","Hors_Zone","Binza","Binza","759"
"2020-04-26","WE","Jour","Etranger","Binza","Binza","Binza","1518"
"2020-04-26","WE","Nuit","Etranger","Binza","Binza","Binza","1161"
"2020-04-26","WE","Jour","Etranger","Hors_Zone","Rwanguba","Binza","44"
"2020-04-26","WE","Nuit","Etranger","Hors_Zone","Rutshuru","Binza","44"
"2020-04-26","WE","Jour","Etranger","Hors_Zone","Hors_Zone","Rwanguba","14846"
"2020-04-26","WE","Nuit","Etranger","Hors_Zone","Hors_Zone","Rwanguba","3320"
"2020-04-26","WE","Jour","Etranger","Rwanguba","Hors_Zone","Rwanguba","580"
"2020-04-26","WE","Nuit","Etranger","Rwanguba","Hors_Zone","Rwanguba","357"
"2020-04-26","WE","Jour","Etranger","Hors_Zone","Rwanguba","Rwanguba","267"
"2020-04-26","WE","Nuit","Etranger","Hors_Zone","Rwanguba","Rwanguba","267"
"2020-04-26","WE","Jour","Etranger","Rwanguba","Rwanguba","Rwanguba","535"
"2020-04-26","WE","Nuit","Etranger","Rwanguba","Rwanguba","Rwanguba","401"
"2020-04-26","WE","Jour","Etranger","Hors_Zone","Hors_Zone","Rutshuru","9040"
"2020-04-26","WE","Nuit","Etranger","Hors_Zone","Hors_Zone","Rutshuru","2059"
"2020-04-26","WE","Jour","Etranger","Rwanguba","Hors_Zone","Rutshuru","44"
"2020-04-26","WE","Jour","Etranger","Rutshuru","Hors_Zone","Rutshuru","422"
"2020-04-26","WE","Nuit","Etranger","Rutshuru","Hors_Zone","Rutshuru","267"
"2020-04-26","WE","Jour","Etranger","Hors_Zone","Binza","Rutshuru","44"
"2020-04-26","WE","Jour","Etranger","Hors_Zone","Rutshuru","Rutshuru","223"
"2020-04-26","WE","Nuit","Etranger","Hors_Zone","Rutshuru","Rutshuru","223"
"2020-04-26","WE","Jour","Etranger","Rwanguba","Rutshuru","Rutshuru","44"
"2020-04-26","WE","Nuit","Etranger","Rwanguba","Rutshuru","Rutshuru","44"
"2020-04-26","WE","Jour","Etranger","Rutshuru","Rutshuru","Rutshuru","669"
"2020-04-26","WE","Nuit","Etranger","Rutshuru","Rutshuru","Rutshuru","669"
"2020-04-26","WE","Jour","Etranger","Hors_Zone","Hors_Zone","Vuhovi","133"
"2020-04-26","WE","Nuit","Etranger","Hors_Zone","Mutwanga","Vuhovi","44"
"2020-04-26","WE","Jour","Etranger","Katwa","Katwa","Vuhovi","30"
"2020-04-26","WE","Jour","Etranger","Hors_Zone","Hors_Zone","Musienene","44"
"2020-04-26","WE","Nuit","Etranger","Hors_Zone","Hors_Zone","Musienene","44"
"2020-04-26","WE","Jour","Etranger","Hors_Zone","Hors_Zone","Katwa","513"
"2020-04-26","WE","Nuit","Etranger","Hors_Zone","Hors_Zone","Katwa","243"
"2020-04-26","WE","Jour","Etranger","Katwa","Hors_Zone","Katwa","106"
"2020-04-26","WE","Nuit","Etranger","Katwa","Hors_Zone","Katwa","44"
"2020-04-26","WE","Jour","Etranger","Katwa","Katwa","Katwa","54"
"2020-04-26","WE","Nuit","Etranger","Katwa","Katwa","Katwa","65"
"2020-04-26","WE","Jour","Etranger","Hors_Zone","Hors_Zone","Karisimbi","5021"
"2020-04-26","WE","Nuit","Etranger","Hors_Zone","Hors_Zone","Karisimbi","830"
"2020-04-26","WE","Jour","Etranger","Karisimbi","Hors_Zone","Karisimbi","486"
"2020-04-26","WE","Nuit","Etranger","Karisimbi","Hors_Zone","Karisimbi","87"
"2020-04-26","WE","Jour","Etranger","Idjwi","Hors_Zone","Karisimbi","39"
"2020-04-26","WE","Jour","Etranger","Karisimbi","Rutshuru","Karisimbi","46"
"2020-04-26","WE","Jour","Etranger","Karisimbi","Karisimbi","Karisimbi","438"
"2020-04-26","WE","Nuit","Etranger","Karisimbi","Karisimbi","Karisimbi","425"
"2020-04-26","WE","Jour","Etranger","Karisimbi","Idjwi","Karisimbi","46"
"2020-04-26","WE","Jour","Etranger","Hors_Zone","Hors_Zone","Masisi","151"
"2020-04-26","WE","Nuit","Etranger","Hors_Zone","Hors_Zone","Masisi","46"
"2020-04-26","WE","Jour","Etranger","Kirotshe","Hors_Zone","Masisi","46"
"2020-04-26","WE","Jour","Etranger","Masisi","Masisi","Masisi","46"
"2020-04-26","WE","Jour","Etranger","Hors_Zone","Hors_Zone","Mweso","46"
"2020-04-26","WE","Nuit","Etranger","Hors_Zone","Hors_Zone","Mweso","44"
"2020-04-26","WE","Jour","Etranger","Mweso","Mweso","Mweso","46"
"2020-04-26","WE","Nuit","Etranger","Mweso","Mweso","Mweso","46"
"2020-04-26","WE","Jour","Etranger","Hors_Zone","Hors_Zone","Kirotshe","292"
"2020-04-26","WE","Nuit","Etranger","Hors_Zone","Hors_Zone","Kirotshe","46"
"2020-04-26","WE","Jour","Etranger","Kirotshe","Hors_Zone","Kirotshe","128"
"2020-04-26","WE","Jour","Etranger","Karisimbi","Karisimbi","Kirotshe","44"
"2020-04-26","WE","Nuit","Etranger","Masisi","Masisi","Kirotshe","46"
"2020-04-26","WE","Nuit","Etranger","Hors_Zone","Kirotshe","Kirotshe","46"
"2020-04-26","WE","Jour","Etranger","Kirotshe","Kirotshe","Kirotshe","46"
"2020-04-26","WE","Jour","Etranger","Hors_Zone","Hors_Zone","Kayna","178"
"2020-04-26","WE","Nuit","Etranger","Hors_Zone","Hors_Zone","Kayna","44"
"2020-04-26","WE","Jour","Etranger","Kayna","Hors_Zone","Kayna","57"
"2020-04-26","WE","Jour","Etranger","Hors_Zone","Kayna","Kayna","44"
"2020-04-26","WE","Nuit","Etranger","Hors_Zone","Kayna","Kayna","89"
"2020-04-26","WE","Jour","Etranger","Hors_Zone","Hors_Zone","Kibirizi","456"
"2020-04-26","WE","Nuit","Etranger","Hors_Zone","Hors_Zone","Kibirizi","223"
"2020-04-26","WE","Jour","Etranger","Rutshuru","Hors_Zone","Kibirizi","44"
"2020-04-26","WE","Jour","Etranger","Kibirizi","Hors_Zone","Kibirizi","44"
"2020-04-26","WE","Jour","Etranger","Rutshuru","Rutshuru","Kibirizi","44"
"2020-04-26","WE","Jour","Etranger","Hors_Zone","Hors_Zone","Nyiragongo","422"
"2020-04-26","WE","Nuit","Etranger","Hors_Zone","Hors_Zone","Nyiragongo","46"
"2020-04-26","WE","Jour","Etranger","Hors_Zone","Hors_Zone","Nyangezi","14215"
"2020-04-26","WE","Nuit","Etranger","Hors_Zone","Hors_Zone","Nyangezi","2154"
"2020-04-26","WE","Jour","Etranger","Nyangezi","Hors_Zone","Nyangezi","857"
"2020-04-26","WE","Nuit","Etranger","Nyangezi","Hors_Zone","Nyangezi","234"
"2020-04-26","WE","Jour","Etranger","Lemera","Hors_Zone","Nyangezi","46"
"2020-04-26","WE","Jour","Etranger","Ibanda","Hors_Zone","Nyangezi","46"
"2020-04-26","WE","Jour","Etranger","Hors_Zone","Nyangezi","Nyangezi","375"
"2020-04-26","WE","Nuit","Etranger","Hors_Zone","Nyangezi","Nyangezi","140"
"2020-04-26","WE","Jour","Etranger","Nyangezi","Nyangezi","Nyangezi","294"
"2020-04-26","WE","Nuit","Etranger","Nyangezi","Nyangezi","Nyangezi","229"
"2020-04-26","WE","Jour","Etranger","Walungu","Walungu","Nyangezi","29"
"2020-04-26","WE","Jour","Etranger","Nyangezi","Idjwi","Nyangezi","46"
"2020-04-26","WE","Jour","Etranger","Hors_Zone","Hors_Zone","Kabare","595"
"2020-04-26","WE","Nuit","Etranger","Hors_Zone","Hors_Zone","Kabare","83"
"2020-04-26","WE","Jour","Etranger","Ibanda","Hors_Zone","Kabare","39"
"2020-04-26","WE","Nuit","Etranger","Ibanda","Hors_Zone","Kabare","46"
"2020-04-26","WE","Jour","Etranger","Idjwi","Hors_Zone","Kabare","36"
"2020-04-26","WE","Jour","Etranger","Hors_Zone","Ibanda","Kabare","46"
"2020-04-26","WE","Jour","Etranger","Ibanda","Ibanda","Kabare","29"
"2020-04-26","WE","Jour","Etranger","Hors_Zone","Hors_Zone","Walungu","216"
"2020-04-26","WE","Nuit","Etranger","Walungu","Walungu","Walungu","29"
"2020-04-26","WE","Jour","Etranger","Hors_Zone","Hors_Zone","Uvira","157"
"2020-04-26","WE","Nuit","Etranger","Hors_Zone","Hors_Zone","Uvira","156"
"2020-04-26","WE","Jour","Etranger","Uvira","Hors_Zone","Uvira","41"
"2020-04-26","WE","Jour","Etranger","Hors_Zone","Hors_Zone","Kitutu","41"
"2020-04-26","WE","Jour","Etranger","Kamituga","Kamituga","Kamituga","46"
"2020-04-26","WE","Nuit","Etranger","Kamituga","Kamituga","Kamituga","46"
"2020-04-26","WE","Jour","Etranger","Hors_Zone","Hors_Zone","Ruzizi","132"
"2020-04-26","WE","Jour","Etranger","Hors_Zone","Hors_Zone","Lemera","1263"
"2020-04-26","WE","Nuit","Etranger","Hors_Zone","Hors_Zone","Lemera","281"
"2020-04-26","WE","Jour","Etranger","Lemera","Hors_Zone","Lemera","46"
"2020-04-26","WE","Jour","Etranger","Hors_Zone","Nyangezi","Lemera","46"
"2020-04-26","WE","Jour","Etranger","Hors_Zone","Lemera","Lemera","46"
"2020-04-26","WE","Jour","Etranger","Lemera","Lemera","Lemera","93"
"2020-04-26","WE","Nuit","Etranger","Lemera","Lemera","Lemera","93"
"2020-04-26","WE","Jour","Etranger","Hors_Zone","Hors_Zone","Ibanda","13163"
"2020-04-26","WE","Nuit","Etranger","Hors_Zone","Hors_Zone","Ibanda","2275"
"2020-04-26","WE","Jour","Etranger","Ibanda","Hors_Zone","Ibanda","974"
"2020-04-26","WE","Nuit","Etranger","Ibanda","Hors_Zone","Ibanda","154"
"2020-04-26","WE","Jour","Etranger","Idjwi","Hors_Zone","Ibanda","201"
"2020-04-26","WE","Jour","Etranger","Nyangezi","Nyangezi","Ibanda","46"
"2020-04-26","WE","Nuit","Etranger","Nyangezi","Nyangezi","Ibanda","46"
"2020-04-26","WE","Jour","Etranger","Hors_Zone","Ibanda","Ibanda","107"
"2020-04-26","WE","Nuit","Etranger","Hors_Zone","Ibanda","Ibanda","201"
"2020-04-26","WE","Jour","Etranger","Ibanda","Ibanda","Ibanda","597"
"2020-04-26","WE","Nuit","Etranger","Ibanda","Ibanda","Ibanda","356"
"2020-04-26","WE","Jour","Etranger","Hors_Zone","Idjwi","Ibanda","46"
"2020-04-26","WE","Jour","Etranger","Hors_Zone","Hors_Zone","Katana","232"
"2020-04-26","WE","Jour","Etranger","Hors_Zone","Hors_Zone","Lualaba","3231"
"2020-04-26","WE","Nuit","Etranger","Hors_Zone","Hors_Zone","Lualaba","1158"
"2020-04-26","WE","Jour","Etranger","Lualaba","Hors_Zone","Lualaba","1497"
"2020-04-26","WE","Nuit","Etranger","Lualaba","Hors_Zone","Lualaba","297"
"2020-04-26","WE","Jour","Etranger","Kapolowe","Kapolowe","Lualaba","29"
"2020-04-26","WE","Jour","Etranger","Hors_Zone","Lualaba","Lualaba","679"
"2020-04-26","WE","Nuit","Etranger","Hors_Zone","Lualaba","Lualaba","719"
"2020-04-26","WE","Jour","Etranger","Lualaba","Lualaba","Lualaba","3266"
"2020-04-26","WE","Nuit","Etranger","Lualaba","Lualaba","Lualaba","2496"
"2020-04-26","WE","Nuit","Etranger","Dilala","Lualaba","Lualaba","48"
"2020-04-26","WE","Jour","Etranger","Lubumbashi","Lubumbashi","Lualaba","36"
"2020-04-26","WE","Nuit","Etranger","Lubumbashi","Lubumbashi","Lualaba","36"
"2020-04-26","WE","Jour","Etranger","Kipushi","Kipushi","Lualaba","36"
"2020-04-26","WE","Nuit","Etranger","Kipushi","Kipushi","Lualaba","36"
"2020-04-26","WE","Jour","Etranger","Hors_Zone","Dilala","Lualaba","36"
"2020-04-26","WE","Jour","Etranger","Lualaba","Dilala","Lualaba","130"
"2020-04-26","WE","Jour","Etranger","Hors_Zone","Hors_Zone","Kanzenze","159"
"2020-04-26","WE","Nuit","Etranger","Hors_Zone","Hors_Zone","Kanzenze","25"
"2020-04-26","WE","Nuit","Etranger","Hors_Zone","Kanzenze","Kanzenze","29"
"2020-04-26","WE","Jour","Etranger","Kanzenze","Kanzenze","Kanzenze","29"
"2020-04-26","WE","Nuit","Etranger","Kanzenze","Kanzenze","Kanzenze","29"
"2020-04-26","WE","Nuit","Etranger","Hors_Zone","Hors_Zone","Kasaji","29"
"2020-04-26","WE","Jour","Etranger","Kasaji","Hors_Zone","Kasaji","29"
"2020-04-26","WE","Jour","Etranger","Hors_Zone","Hors_Zone","Lubudi","157"
"2020-04-26","WE","Jour","Etranger","Lubudi","Hors_Zone","Lubudi","72"
"2020-04-26","WE","Jour","Etranger","Hors_Zone","Hors_Zone","Bunkeya","129"
"2020-04-26","WE","Nuit","Etranger","Hors_Zone","Hors_Zone","Bunkeya","98"
"2020-04-26","WE","Nuit","Etranger","Fungurume","Lubudi","Bunkeya","36"
"2020-04-26","WE","Jour","Etranger","Bunkeya","Bunkeya","Bunkeya","65"
"2020-04-26","WE","Nuit","Etranger","Bunkeya","Bunkeya","Bunkeya","42"
"2020-04-26","WE","Jour","Etranger","Fungurume","Bunkeya","Bunkeya","23"
"2020-04-26","WE","Jour","Etranger","Hors_Zone","Fungurume","Bunkeya","29"
"2020-04-26","WE","Jour","Etranger","Fungurume","Fungurume","Bunkeya","96"
"2020-04-26","WE","Nuit","Etranger","Fungurume","Fungurume","Bunkeya","96"
"2020-04-26","WE","Jour","Etranger","Hors_Zone","Hors_Zone","Fungurume","638"
"2020-04-26","WE","Nuit","Etranger","Hors_Zone","Hors_Zone","Fungurume","204"
"2020-04-26","WE","Jour","Etranger","Lubudi","Hors_Zone","Fungurume","79"
"2020-04-26","WE","Jour","Etranger","Fungurume","Hors_Zone","Fungurume","446"
"2020-04-26","WE","Nuit","Etranger","Fungurume","Hors_Zone","Fungurume","176"
"2020-04-26","WE","Jour","Etranger","Kapolowe","Kapolowe","Fungurume","29"
"2020-04-26","WE","Jour","Etranger","Fungurume","Lubudi","Fungurume","36"
"2020-04-26","WE","Nuit","Etranger","Bunkeya","Bunkeya","Fungurume","36"
"2020-04-26","WE","Jour","Etranger","Hors_Zone","Fungurume","Fungurume","110"
"2020-04-26","WE","Nuit","Etranger","Hors_Zone","Fungurume","Fungurume","238"
"2020-04-26","WE","Jour","Etranger","Lubudi","Fungurume","Fungurume","23"
"2020-04-26","WE","Nuit","Etranger","Lubudi","Fungurume","Fungurume","48"
"2020-04-26","WE","Jour","Etranger","Fungurume","Fungurume","Fungurume","880"
"2020-04-26","WE","Nuit","Etranger","Fungurume","Fungurume","Fungurume","496"
"2020-04-26","WE","Jour","Etranger","Hors_Zone","Hors_Zone","Likasi","1911"
"2020-04-26","WE","Nuit","Etranger","Hors_Zone","Hors_Zone","Likasi","603"
"2020-04-26","WE","Jour","Etranger","Lualaba","Hors_Zone","Likasi","36"
"2020-04-26","WE","Jour","Etranger","Likasi","Hors_Zone","Likasi","1348"
"2020-04-26","WE","Nuit","Etranger","Likasi","Hors_Zone","Likasi","266"
"2020-04-26","WE","Jour","Etranger","Kipushi","Hors_Zone","Likasi","29"
"2020-04-26","WE","Jour","Etranger","Hors_Zone","Kapolowe","Likasi","79"
"2020-04-26","WE","Nuit","Etranger","Hors_Zone","Kapolowe","Likasi","29"
"2020-04-26","WE","Jour","Etranger","Kapolowe","Kapolowe","Likasi","23"
"2020-04-26","WE","Jour","Etranger","Likasi","Kapolowe","Likasi","256"
"2020-04-26","WE","Jour","Etranger","Likasi","Fungurume","Likasi","36"
"2020-04-26","WE","Jour","Etranger","Hors_Zone","Likasi","Likasi","691"
"2020-04-26","WE","Nuit","Etranger","Hors_Zone","Likasi","Likasi","899"
"2020-04-26","WE","Nuit","Etranger","Kapolowe","Likasi","Likasi","59"
"2020-04-26","WE","Jour","Etranger","Likasi","Likasi","Likasi","3004"
"2020-04-26","WE","Nuit","Etranger","Likasi","Likasi","Likasi","2390"
"2020-04-26","WE","Jour","Etranger","Lubumbashi","Lubumbashi","Likasi","23"
"2020-04-26","WE","Jour","Etranger","Hors_Zone","Hors_Zone","Lubumbashi","1077"
"2020-04-26","WE","Nuit","Etranger","Hors_Zone","Hors_Zone","Lubumbashi","430"
"2020-04-26","WE","Jour","Etranger","Kapolowe","Hors_Zone","Lubumbashi","29"
"2020-04-26","WE","Jour","Etranger","Lualaba","Hors_Zone","Lubumbashi","29"
"2020-04-26","WE","Jour","Etranger","Lubumbashi","Hors_Zone","Lubumbashi","660"
"2020-04-26","WE","Nuit","Etranger","Lubumbashi","Hors_Zone","Lubumbashi","53"
"2020-04-26","WE","Jour","Etranger","Rwashi","Rwashi","Lubumbashi","23"
"2020-04-26","WE","Nuit","Etranger","Fungurume","Fungurume","Lubumbashi","36"
"2020-04-26","WE","Jour","Etranger","Hors_Zone","Likasi","Lubumbashi","36"
"2020-04-26","WE","Nuit","Etranger","Hors_Zone","Likasi","Lubumbashi","36"
"2020-04-26","WE","Jour","Etranger","Hors_Zone","Lubumbashi","Lubumbashi","159"
"2020-04-26","WE","Nuit","Etranger","Hors_Zone","Lubumbashi","Lubumbashi","108"
"2020-04-26","WE","Jour","Etranger","Tshamilemba","Lubumbashi","Lubumbashi","36"
"2020-04-26","WE","Nuit","Etranger","Tshamilemba","Lubumbashi","Lubumbashi","36"
"2020-04-26","WE","Jour","Etranger","Rwashi","Lubumbashi","Lubumbashi","42"
"2020-04-26","WE","Nuit","Etranger","Rwashi","Lubumbashi","Lubumbashi","42"
"2020-04-26","WE","Jour","Etranger","Lubumbashi","Lubumbashi","Lubumbashi","2028"
"2020-04-26","WE","Nuit","Etranger","Lubumbashi","Lubumbashi","Lubumbashi","1417"
"2020-04-26","WE","Nuit","Etranger","Hors_Zone","Kipushi","Lubumbashi","48"
"2020-04-26","WE","Jour","Etranger","Kipushi","Kipushi","Lubumbashi","36"
"2020-04-26","WE","Jour","Etranger","Hors_Zone","Hors_Zone","Kipushi","369"
"2020-04-26","WE","Nuit","Etranger","Hors_Zone","Hors_Zone","Kipushi","69"
"2020-04-26","WE","Jour","Etranger","Kipushi","Hors_Zone","Kipushi","286"
"2020-04-26","WE","Nuit","Etranger","Kipushi","Hors_Zone","Kipushi","64"
"2020-04-26","WE","Jour","Etranger","Hors_Zone","Rwashi","Kipushi","29"
"2020-04-26","WE","Jour","Etranger","Hors_Zone","Kipushi","Kipushi","88"
"2020-04-26","WE","Nuit","Etranger","Hors_Zone","Kipushi","Kipushi","66"
"2020-04-26","WE","Jour","Etranger","Kipushi","Kipushi","Kipushi","588"
"2020-04-26","WE","Nuit","Etranger","Kipushi","Kipushi","Kipushi","438"
"2020-04-26","WE","Jour","Etranger","Hors_Zone","Hors_Zone","Sakania","917"
"2020-04-26","WE","Nuit","Etranger","Hors_Zone","Hors_Zone","Sakania","122"
"2020-04-26","WE","Jour","Etranger","Sakania","Hors_Zone","Sakania","150"
"2020-04-26","WE","Jour","Etranger","Sakania","Lubumbashi","Sakania","36"
"2020-04-26","WE","Nuit","Etranger","Sakania","Lubumbashi","Sakania","36"
"2020-04-26","WE","Jour","Etranger","Hors_Zone","Sakania","Sakania","50"
"2020-04-26","WE","Nuit","Etranger","Hors_Zone","Sakania","Sakania","36"
"2020-04-26","WE","Jour","Etranger","Sakania","Sakania","Sakania","267"
"2020-04-26","WE","Nuit","Etranger","Sakania","Sakania","Sakania","231"
"2020-04-26","WE","Jour","Etranger","Hors_Zone","Hors_Zone","Manika","234"
"2020-04-26","WE","Nuit","Etranger","Hors_Zone","Hors_Zone","Manika","87"
"2020-04-26","WE","Jour","Etranger","Manika","Hors_Zone","Manika","103"
"2020-04-26","WE","Nuit","Etranger","Hors_Zone","Kapolowe","Manika","29"
"2020-04-26","WE","Jour","Etranger","Likasi","Likasi","Manika","58"
"2020-04-26","WE","Jour","Etranger","Hors_Zone","Manika","Manika","40"
"2020-04-26","WE","Nuit","Etranger","Hors_Zone","Manika","Manika","35"
"2020-04-26","WE","Jour","Etranger","Manika","Manika","Manika","90"
"2020-04-26","WE","Nuit","Etranger","Manika","Manika","Manika","48"
"2020-04-26","WE","Jour","Etranger","Hors_Zone","Hors_Zone","Gombe","13442"
"2020-04-26","WE","Nuit","Etranger","Hors_Zone","Hors_Zone","Gombe","2995"
"2020-04-26","WE","Jour","Etranger","Kinshasa","Hors_Zone","Gombe","81"
"2020-04-26","WE","Jour","Etranger","Gombe","Hors_Zone","Gombe","1022"
"2020-04-26","WE","Nuit","Etranger","Gombe","Hors_Zone","Gombe","211"
"2020-04-26","WE","Nuit","Etranger","Barumbu","Barumbu","Gombe","40"
"2020-04-26","WE","Jour","Etranger","Hors_Zone","Masina I","Gombe","29"
"2020-04-26","WE","Jour","Etranger","Binza Meteo","Binza Meteo","Gombe","29"
"2020-04-26","WE","Nuit","Etranger","Binza Meteo","Binza Meteo","Gombe","77"
"2020-04-26","WE","Nuit","Etranger","Binza Ozone","Binza Meteo","Gombe","40"
"2020-04-26","WE","Jour","Etranger","Kokolo","Binza Meteo","Gombe","40"
"2020-04-26","WE","Nuit","Etranger","Binza Meteo","Nsele","Gombe","40"
"2020-04-26","WE","Nuit","Etranger","Hors_Zone","Kokolo","Gombe","40"
"2020-04-26","WE","Jour","Etranger","Hors_Zone","Maluku I","Gombe","40"
"2020-04-26","WE","Nuit","Etranger","Kingabwa","Kingabwa","Gombe","40"
"2020-04-26","WE","Jour","Etranger","Gombe","Kingabwa","Gombe","40"
"2020-04-26","WE","Jour","Etranger","Hors_Zone","Gombe","Gombe","237"
"2020-04-26","WE","Nuit","Etranger","Hors_Zone","Gombe","Gombe","411"
"2020-04-26","WE","Jour","Etranger","Gombe","Gombe","Gombe","873"
"2020-04-26","WE","Nuit","Etranger","Gombe","Gombe","Gombe","808"
"2020-04-26","WE","Jour","Etranger","Hors_Zone","Hors_Zone","Minova","549"
"2020-04-26","WE","Nuit","Etranger","Hors_Zone","Hors_Zone","Minova","136"
"2020-04-26","WE","Jour","Etranger","Minova","Hors_Zone","Minova","46"
"2020-04-26","WE","Jour","Etranger","Hors_Zone","Hors_Zone","Idjwi","19969"
"2020-04-26","WE","Nuit","Etranger","Hors_Zone","Hors_Zone","Idjwi","3222"
"2020-04-26","WE","Jour","Etranger","Karisimbi","Hors_Zone","Idjwi","49"
"2020-04-26","WE","Jour","Etranger","Ibanda","Hors_Zone","Idjwi","30"
"2020-04-26","WE","Jour","Etranger","Idjwi","Hors_Zone","Idjwi","1372"
"2020-04-26","WE","Nuit","Etranger","Idjwi","Hors_Zone","Idjwi","425"
"2020-04-26","WE","Jour","Etranger","Karisimbi","Karisimbi","Idjwi","54"
"2020-04-26","WE","Jour","Etranger","Hors_Zone","Kabare","Idjwi","46"
"2020-04-26","WE","Jour","Etranger","Hors_Zone","Ibanda","Idjwi","46"
"2020-04-26","WE","Jour","Etranger","Hors_Zone","Idjwi","Idjwi","381"
"2020-04-26","WE","Nuit","Etranger","Hors_Zone","Idjwi","Idjwi","465"
"2020-04-26","WE","Nuit","Etranger","Karisimbi","Idjwi","Idjwi","56"
"2020-04-26","WE","Nuit","Etranger","Nyangezi","Idjwi","Idjwi","46"
"2020-04-26","WE","Jour","Etranger","Idjwi","Idjwi","Idjwi","710"
"2020-04-26","WE","Nuit","Etranger","Idjwi","Idjwi","Idjwi","545"
"2020-04-26","WE","Jour","Etranger","Hors_Zone","Hors_Zone","Masina II","722"
"2020-04-26","WE","Nuit","Etranger","Hors_Zone","Hors_Zone","Masina II","110"
"2020-04-26","WE","Jour","Etranger","Masina I","Hors_Zone","Masina II","40"
"2020-04-26","WE","Jour","Etranger","Masina II","Hors_Zone","Masina II","40"
"2020-04-26","WE","Nuit","Etranger","Maluku I","Masina II","Masina II","40"
"2020-04-26","WE","Jour","Etranger","Hors_Zone","Hors_Zone","Dilala","840"
"2020-04-26","WE","Nuit","Etranger","Hors_Zone","Hors_Zone","Dilala","327"
"2020-04-26","WE","Jour","Etranger","Lualaba","Hors_Zone","Dilala","29"
"2020-04-26","WE","Jour","Etranger","Dilala","Hors_Zone","Dilala","306"
"2020-04-26","WE","Nuit","Etranger","Dilala","Hors_Zone","Dilala","42"
"2020-04-26","WE","Jour","Etranger","Hors_Zone","Lualaba","Dilala","29"
"2020-04-26","WE","Nuit","Etranger","Lualaba","Lualaba","Dilala","29"
"2020-04-26","WE","Jour","Etranger","Dilala","Lualaba","Dilala","48"
"2020-04-26","WE","Jour","Etranger","Hors_Zone","Likasi","Dilala","36"
"2020-04-26","WE","Jour","Etranger","Hors_Zone","Dilala","Dilala","174"
"2020-04-26","WE","Nuit","Etranger","Hors_Zone","Dilala","Dilala","246"
"2020-04-26","WE","Nuit","Etranger","Lualaba","Dilala","Dilala","65"
"2020-04-26","WE","Jour","Etranger","Dilala","Dilala","Dilala","942"
"2020-04-26","WE","Nuit","Etranger","Dilala","Dilala","Dilala","683"
"2020-04-26","WE","Jour","Etranger","Hors_Zone","Hors_Zone","Mutshatsha","92"
"2020-04-26","WE","Nuit","Etranger","Hors_Zone","Hors_Zone","Mutshatsha","36"
"2020-04-26","WE","Jour","Etranger","Mutshatsha","Hors_Zone","Mutshatsha","101"
"2020-04-26","WE","Nuit","Etranger","Mutshatsha","Hors_Zone","Mutshatsha","36"
"2020-04-26","WE","Nuit","Etranger","Hors_Zone","Mutshatsha","Mutshatsha","72"
"2020-04-26","WE","Jour","Etranger","Mutshatsha","Mutshatsha","Mutshatsha","36"
"2020-04-26","WE","Nuit","Etranger","Mutshatsha","Mutshatsha","Mutshatsha","36"
"2020-04-26","WE","Jour","Etranger","Hors_Zone","Hors_Zone","Bolomba","39"
"2020-04-26","WE","Jour","Etranger","Bolomba","Bolomba","Bolomba","29"
"2020-04-26","WE","Nuit","Etranger","Bolomba","Bolomba","Bolomba","29"
"2020-04-26","WE","Jour","Etranger","Hors_Zone","Hors_Zone","Bikoro","569"
"2020-04-26","WE","Nuit","Etranger","Hors_Zone","Hors_Zone","Bikoro","325"
"2020-04-26","WE","Jour","Etranger","Bikoro","Hors_Zone","Bikoro","40"
