date,zone,cas
3/22/2020,Gombe,19
3/22/2020,Kinshasa,3
3/22/2020,Kintambo,3
3/22/2020,Binza Ozone,2
3/22/2020,Kasa-vubu,2
3/22/2020,Limete,1
3/22/2020,Selembao,1
3/22/2020,N'djili,1
3/23/2020,Gombe,21
3/23/2020,Kintambo,6
3/23/2020,Kinshasa,3
3/23/2020,Kalamu 1,3
3/23/2020,Binza Ozone,2
3/23/2020,Bandalungwa,2
3/23/2020,Kasa-vubu,2
3/23/2020,Limete,2
3/23/2020,Selembao,1
3/23/2020,N'djili,1
3/24/2020,Gombe,21
3/24/2020,Kintambo,6
3/24/2020,Kinshasa,3
3/24/2020,Kalamu 1,3
3/24/2020,Binza Ozone,2
3/24/2020,Bandalungwa,2
3/24/2020,Limete,2
3/24/2020,Lemba,2
3/24/2020,N'djili,2
3/24/2020,Ngiri-Ngiri,1
3/27/2020,Gombe,24
3/27/2020,Kintambo,7
3/27/2020,Binza Méteo,8
3/27/2020,Kalamu 1,3
3/27/2020,Kasa-vubu,3
3/27/2020,Lemba,3
3/27/2020,Bandalungwa,2
3/27/2020,Binza Ozone,2
3/27/2020,Limete,2
3/27/2020,Kinshasa,1
3/27/2020,Ngiri-Ngiri,1
3/27/2020,Barumbu,1
3/30/2020,Gombe,34
3/30/2020,Binza Méteo,15
3/30/2020,Lemba,9
3/30/2020,Kintambo,8
3/30/2020,Kalamu 1,4
3/30/2020,Kasa-vubu,3
3/30/2020,Limete,3
3/30/2020,Bandalungwa,2
3/30/2020,Kinshasa,2
3/30/2020,Binza Ozone,2
3/30/2020,Masina 2,1
3/30/2020,Ngiri-Ngiri,1
3/30/2020,Barumbu,1
3/30/2020,N'sele,1
3/30/2020,Kingabwa,1
3/30/2020,Mont-Ngafula 1,1
3/31/2020,Gombe,38
3/31/2020,Binza Méteo,17
3/31/2020,Kintambo,10
3/31/2020,Lemba,9
3/31/2020,Limete,5
3/31/2020,Kalamu 1,4
3/31/2020,Kinshasa,4
3/31/2020,Kasa-vubu,3
3/31/2020,Bandalungwa,2
3/31/2020,Binza Ozone,2
3/31/2020,Masina 1,1
3/31/2020,Ngiri-Ngiri,1
3/31/2020,Barumbu,1
3/31/2020,N'sele,1
3/31/2020,Kingabwa,1
3/31/2020,Mont-Ngafula 1,1
4/1/2020,Gombe,6
4/1/2020,Kintambo,1
4/1/2020,Lemba,1
4/1/2020,Limete,1
4/1/2020,Bandalungwa,1
4/1/2020,Masina 2,1
4/1/2020,Kingabwa,1
4/1/2020,Kingasani,1
4/1/2020,Goma,1
4/2/2020,Gombe,1
4/2/2020,Binza Méteo,3
4/2/2020,Binza Ozone,1
4/2/2020,Ngiri-Ngiri,1
4/2/2020,Barumbu,1
4/2/2020,Goma,1
4/2/2020,Beni,2
4/2/2020,Bunia,1
4/3/2020,Gombe,1
4/3/2020,Binza Méteo,1
4/3/2020,Kintambo,1
4/3/2020,Lemba,2
4/3/2020,Limete,1
4/3/2020,Kinshasa,1
4/3/2020,Masina 1,1
4/3/2020,Mont-Ngafula 2,1
4/3/2020,Matete,2
4/3/2020,Idiofa,1
4/3/2020,Beni,1
4/3/2020,Bukavu,1
4/4/2020,Gombe,2
4/4/2020,Kintambo,1
4/4/2020,Binza Ozone,1
4/4/2020,Mont-Ngafula 2,1
4/4/2020,Matete,1
4/5/2020,Gombe,5
4/5/2020,Binza Méteo,1
4/5/2020,Binza Ozone,1
4/6/2020,Gombe,9
4/6/2020,Binza Méteo,3
4/6/2020,Kasa-vubu,1
4/6/2020,Binza Ozone,1
4/6/2020,Maluku 1,2
4/6/2020,Zone indeterminée,2
4/6/2020,Ibanda,1
4/7/2020,Gombe,1
4/7/2020,Lemba,1
4/7/2020,Barumbu,1
4/8/2020,Gombe,16
4/8/2020,Limete,3
4/8/2020,Binza Ozone,3
4/8/2020,Selembao,1
4/8/2020,Zone indeterminée,1
4/9/2020,Binza Méteo,1
4/9/2020,Kintambo,1
4/9/2020,Limete,4
4/9/2020,Binza Ozone,2
4/10/2020,Gombe,1
4/10/2020,Binza Méteo,1
4/10/2020,Lemba,1
4/10/2020,Binza Ozone,2
4/10/2020,Barumbu,2
4/10/2020,Lingwala,1
4/11/2020,Gombe,2
4/11/2020,Limete,1
4/11/2020,Lemba,1
4/11/2020,Binza Ozone,1
4/11/2020,Kasa-vubu,1
4/11/2020,Matete,1
4/11/2020,N'sele,1
4/11/2020,Zone indeterminée,3
4/12/2020,Gombe,1
4/13/2020,Gombe,4
4/13/2020,Binza Méteo,1
4/13/2020,Mont-Ngafula 1,1
4/14/2020,Gombe,3
4/14/2020,Binza Ozone,4
4/14/2020,Limete,2
4/14/2020,Lemba,1
4/14/2020,Bandalungwa,1
4/14/2020,Zone indeterminée,2
4/15/2020,Gombe,1
4/15/2020,Limete,4
4/15/2020,Kasa-vubu,1
4/15/2020,Lingwala,2
4/15/2020,Ngiri-Ngiri,1
4/15/2020,N'sele,1
4/15/2020,Selembao,1
4/15/2020,Kalamu 2,1
4/15/2020,Zone indeterminée,1
4/16/2020,Gombe,2
4/16/2020,Binza Ozone,4
4/16/2020,Limete,3
4/16/2020,Barumbu,1
4/16/2020,Kasa-vubu,1
4/16/2020,N'sele,1
4/16/2020,Mont-Ngafula 2,2
4/16/2020,Kisenso,1
4/16/2020,Zone indeterminée,5
4/17/2020,Gombe,6
4/17/2020,Binza Ozone,3
4/17/2020,Kalamu 1,1
4/17/2020,Matete,1
4/17/2020,N'sele,1
4/17/2020,Mont-Ngafula 1,1
4/17/2020,Selembao,2
4/17/2020,Bumbu,1
4/17/2020,Zone indeterminée,4
4/18/2020,Gombe,8
4/18/2020,Binza Ozone,2
4/18/2020,Limete,5
4/18/2020,Kinshasa,1
4/18/2020,Lingwala,1
4/18/2020,N'sele,1
4/18/2020,Zone indeterminée,2
4/19/2020,Binza Méteo,2
4/19/2020,Binza Ozone,1
4/19/2020,Kingabwa,1
4/19/2020,Zone indeterminée,1
4/20/2020,Gombe,3
4/20/2020,Kintambo,2
4/20/2020,Lemba,2
4/20/2020,Kalamu 1,2
4/20/2020,Selembao,1
4/20/2020,Mont-Ngafula 2,1
4/20/2020,Ngiri-Ngiri,3
4/20/2020,Makala,1
4/20/2020,Zone indeterminée,3
4/21/2020,Gombe,1
4/21/2020,Binza Méteo,1
4/21/2020,Limete,7
4/22/2020,Gombe,3
4/22/2020,Limete,3
4/22/2020,Binza Ozone,2
4/22/2020,Lemba,1
4/22/2020,Kinshasa,2
4/22/2020,Kalamu 1,2
4/22/2020,Matete,3
4/22/2020,Kingabwa,1
4/22/2020,Masina 1,1
4/23/2020,Limete,1
4/23/2020,Binza Méteo,6
4/23/2020,Binza Ozone,5
4/23/2020,Kinshasa,1
4/23/2020,Kasa-vubu,1
4/23/2020,Kingabwa,1
4/23/2020,Kikimi,1
4/23/2020,Zone indeterminée,1
4/24/2020,Binza Ozone,6
4/24/2020,Binza Méteo,1
4/24/2020,Limete,1
4/24/2020,Kingabwa,3
4/24/2020,Matete,1
4/24/2020,Bandalungwa,3
4/24/2020,N'sele,1
4/24/2020,Bumbu,1
4/24/2020,Zone indeterminée,4
4/24/2020,Kenya,1
4/25/2020,Gombe,4
4/25/2020,Limete,1
4/25/2020,Binza Méteo,5
4/25/2020,Lemba,7
4/25/2020,Kintambo,1
4/25/2020,Kasa-vubu,1
4/25/2020,Kalamu 1,1
4/25/2020,Lingwala,1
4/25/2020,Bumbu,2
4/25/2020,N'djili,1
4/25/2020,Makala,1
4/25/2020,Kokolo (Ndolo),1
4/26/2020,Gombe,2
4/26/2020,Binza Ozone,1
4/26/2020,Limete,1
4/26/2020,Binza Méteo,2
4/26/2020,Kintambo,3
4/26/2020,Matete,1
4/26/2020,Lingwala,3
4/26/2020,N'sele,1
4/26/2020,Bumbu,1
4/26/2020,Kalamu 2,1
4/26/2020,Zone indeterminée,1
4/27/2020,Binza Ozone,1
4/27/2020,Binza Méteo,2
4/27/2020,Lingwala,3
4/27/2020,Matete,2
4/27/2020,Zone indeterminée,2
4/27/2020,Matadi,2
4/28/2020,Binza Ozone,1
4/28/2020,Limete,1
4/28/2020,Binza Méteo,2
4/28/2020,Lemba,5
4/28/2020,Kintambo,1
4/28/2020,Kalamu 1,2
4/28/2020,Kinshasa,2
4/28/2020,Kingabwa,3
4/28/2020,Kalamu 2,1
4/28/2020,Kokolo (Ndolo),2
4/29/2020,Limete,1
4/29/2020,Lemba,1
4/29/2020,N'sele,1
4/29/2020,Kalamu 2,1
4/29/2020,Ngaba,1
4/29/2020,Tshamilemba,4
4/30/2020,Gombe,1
4/30/2020,Binza Ozone,4
4/30/2020,Limete,5
4/30/2020,Kokolo (Ndolo),42
4/30/2020,Kalamu 1,4
4/30/2020,Bandalungwa,3
4/30/2020,Selembao,2
4/30/2020,Bumbu,1
4/30/2020,Mont-Ngafula 1,1
4/30/2020,Kimbanseke,1
4/30/2020,Zone indeterminée,6
4/30/2020,Butembo,1
5/1/2020,Gombe,1
5/1/2020,Binza Ozone,3
5/1/2020,Limete,4
5/1/2020,Kokolo (Ndolo),2
5/1/2020,Binza Méteo,1
5/1/2020,Lemba,1
5/1/2020,Kalamu 1,1
5/1/2020,Lingwala,4
5/1/2020,Kintambo,1
5/1/2020,Matete,3
5/1/2020,Kingabwa,2
5/1/2020,Kasa-vubu,
5/1/2020,Kinshasa,
5/1/2020,Bandalungwa,
5/1/2020,Barumbu,
5/1/2020,N'sele,
5/1/2020,Selembao,
5/1/2020,Bumbu,
5/1/2020,Ngiri-Ngiri,1
5/1/2020,Mont-Ngafula 1,1
5/1/2020,Mont-Ngafula 2,
5/1/2020,Kalamu 2,
5/1/2020,Masina 1,
5/1/2020,Kikimi,
5/1/2020,Maluku 1,
5/1/2020,N'djili,
5/1/2020,Makala,
5/1/2020,Ngaba,
5/1/2020,Masina 2,
5/1/2020,Kisenso,
5/1/2020,Kimbanseke,
5/1/2020,Zone indeterminée,2
5/1/2020,Goma,
5/1/2020,Beni,
5/1/2020,Butembo,
5/1/2020,Ibanda,
5/1/2020,Nyankunde,
5/1/2020,Bunia,
5/1/2020,Idiofa,
5/1/2020,Kenya,
5/1/2020,Tshamilemba,
5/1/2020,Kasumbalesa,1
5/1/2020,Matadi,3
5/1/2020,Nzanza,1
5/2/2020,Gombe,
5/2/2020,Binza Ozone,
5/2/2020,Limete,
5/2/2020,Kokolo (Ndolo),56
5/2/2020,Binza Méteo,3
5/2/2020,Lemba,2
5/2/2020,Kalamu 1,
5/2/2020,Lingwala,
5/2/2020,Kintambo,
5/2/2020,Matete,2
5/2/2020,Kingabwa,2
5/2/2020,Kasa-vubu,1
5/2/2020,Kinshasa,
5/2/2020,Bandalungwa,
5/2/2020,Barumbu,
5/2/2020,N'sele,1
5/2/2020,Selembao,1
5/2/2020,Bumbu,1
5/2/2020,Ngiri-Ngiri,
5/2/2020,Mont-Ngafula 1,
5/2/2020,Mont-Ngafula 2,
5/2/2020,Kalamu 2,
5/2/2020,Masina 1,
5/2/2020,Kikimi,
5/2/2020,Maluku 1,
5/2/2020,N'djili,
5/2/2020,Makala,
5/2/2020,Ngaba,
5/2/2020,Masina 2,1
5/2/2020,Kisenso,
5/2/2020,Kimbanseke,
5/2/2020,Zone indeterminée,
5/2/2020,Goma,
5/2/2020,Beni,
5/2/2020,Butembo,
5/2/2020,Ibanda,
5/2/2020,Nyankunde,
5/2/2020,Bunia,
5/2/2020,Idiofa,
5/2/2020,Kenya,
5/2/2020,Tshamilemba,
5/2/2020,Kasumbalesa,
5/2/2020,Matadi,
5/2/2020,Nzanza,
5/3/2020,Gombe,
5/3/2020,Binza Ozone,
5/3/2020,Limete,
5/3/2020,Kokolo (Ndolo),
5/3/2020,Binza Méteo,
5/3/2020,Lemba,1
5/3/2020,Kalamu 1,
5/3/2020,Lingwala,
5/3/2020,Kintambo,
5/3/2020,Matete,
5/3/2020,Kingabwa,
5/3/2020,Kasa-vubu,
5/3/2020,Kinshasa,
5/3/2020,Bandalungwa,
5/3/2020,Barumbu,
5/3/2020,N'sele,
5/3/2020,Selembao,
5/3/2020,Bumbu,
5/3/2020,Ngiri-Ngiri,
5/3/2020,Mont-Ngafula 1,1
5/3/2020,Mont-Ngafula 2,
5/3/2020,Kalamu 2,
5/3/2020,Masina 1,
5/3/2020,Kikimi,
5/3/2020,Maluku 1,
5/3/2020,N'djili,
5/3/2020,Makala,
5/3/2020,Ngaba,
5/3/2020,Masina 2,
5/3/2020,Kisenso,
5/3/2020,Kimbanseke,
5/3/2020,Zone indeterminée,1
5/3/2020,Goma,1
5/3/2020,Beni,
5/3/2020,Butembo,
5/3/2020,Ibanda,
5/3/2020,Nyankunde,
5/3/2020,Bunia,
5/3/2020,Idiofa,
5/3/2020,Kenya,
5/3/2020,Tshamilemba,4
5/3/2020,Kasumbalesa,
5/3/2020,Matadi,
5/3/2020,Nzanza,
5/4/2020,Gombe,
5/4/2020,Binza Ozone,
5/4/2020,Limete,2
5/4/2020,Kokolo (Ndolo),
5/4/2020,Binza Méteo,
5/4/2020,Lemba,8
5/4/2020,Kalamu 1,1
5/4/2020,Lingwala,
5/4/2020,Kintambo,3
5/4/2020,Matete,
5/4/2020,Kingabwa,
5/4/2020,Kasa-vubu,
5/4/2020,Kinshasa,
5/4/2020,Bandalungwa,1
5/4/2020,Barumbu,3
5/4/2020,N'sele,
5/4/2020,Selembao,
5/4/2020,Bumbu,
5/4/2020,Ngiri-Ngiri,
5/4/2020,Mont-Ngafula 1,
5/4/2020,Mont-Ngafula 2,
5/4/2020,Kalamu 2,
5/4/2020,Masina 1,1
5/4/2020,Kikimi,
5/4/2020,Maluku 1,
5/4/2020,N'djili,
5/4/2020,Makala,
5/4/2020,Ngaba,1
5/4/2020,Masina 2,
5/4/2020,Kisenso,1
5/4/2020,Kimbanseke,
5/4/2020,Zone indeterminée,2
5/4/2020,Goma,
5/4/2020,Beni,
5/4/2020,Butembo,
5/4/2020,Ibanda,
5/4/2020,Nyankunde,
5/4/2020,Bunia,
5/4/2020,Idiofa,
5/4/2020,Kenya,
5/4/2020,Tshamilemba,
5/4/2020,Kasumbalesa,
5/4/2020,Matadi,
5/4/2020,Nzanza,
5/5/2020,Gombe,3
5/5/2020,Binza Ozone,4
5/5/2020,Limete,3
5/5/2020,Kokolo (Ndolo),40
5/5/2020,Binza Méteo,2
5/5/2020,Lemba,4
5/5/2020,Kalamu 1,
5/5/2020,Lingwala,2
5/5/2020,Kintambo,
5/5/2020,Matete,
5/5/2020,Kingabwa,3
5/5/2020,Kasa-vubu,
5/5/2020,Kinshasa,
5/5/2020,Bandalungwa,3
5/5/2020,Barumbu,2
5/5/2020,N'sele,1
5/5/2020,Selembao,
5/5/2020,Bumbu,
5/5/2020,Ngiri-Ngiri,
5/5/2020,Mont-Ngafula 1,
5/5/2020,Mont-Ngafula 2,
5/5/2020,Kalamu 2,
5/5/2020,Masina 1,
5/5/2020,Kikimi,
5/5/2020,Maluku 1,
5/5/2020,N'djili,
5/5/2020,Makala,
5/5/2020,Ngaba,
5/5/2020,Masina 2,
5/5/2020,Kisenso,1
5/5/2020,Kimbanseke,
5/5/2020,Zone indeterminée,1
5/5/2020,Goma,
5/5/2020,Beni,
5/5/2020,Butembo,
5/5/2020,Ibanda,
5/5/2020,Nyankunde,
5/5/2020,Bunia,
5/5/2020,Idiofa,
5/5/2020,Kenya,
5/5/2020,Tshamilemba,
5/5/2020,Kasumbalesa,
5/5/2020,Matadi,14
5/5/2020,Nzanza,9
5/6/2020,Gombe,1
5/6/2020,Binza Ozone,3
5/6/2020,Limete,12
5/6/2020,Kokolo (Ndolo),10
5/6/2020,Binza Méteo,3
5/6/2020,Lemba,1
5/6/2020,Kalamu 1,1
5/6/2020,Lingwala,2
5/6/2020,Kintambo,2
5/6/2020,Matete,3
5/6/2020,Kingabwa,1
5/6/2020,Kasa-vubu,3
5/6/2020,Kinshasa,1
5/6/2020,Bandalungwa,1
5/6/2020,Barumbu,1
5/6/2020,N'sele,2
5/6/2020,Selembao,2
5/6/2020,Bumbu,
5/6/2020,Ngiri-Ngiri,
5/6/2020,Mont-Ngafula 1,
5/6/2020,Mont-Ngafula 2,
5/6/2020,Kalamu 2,2
5/6/2020,Masina 1,
5/6/2020,Kikimi,1
5/6/2020,Maluku 1,
5/6/2020,N'djili,3
5/6/2020,Makala,
5/6/2020,Ngaba,
5/6/2020,Masina 2,
5/6/2020,Kisenso,1
5/6/2020,Kimbanseke,
5/6/2020,Zone indeterminée,9
5/6/2020,Police,1
5/6/2020,Goma,
5/6/2020,Beni,
5/6/2020,Butembo,
5/6/2020,Ibanda,
5/6/2020,Nyankunde,
5/6/2020,Bunia,
5/6/2020,Idiofa,
5/6/2020,Kenya,
5/6/2020,Tshamilemba,
5/6/2020,Kasumbalesa,
5/6/2020,Matadi,
5/6/2020,Nzanza,
5/7/2020,Gombe,1
5/7/2020,Binza Ozone,
5/7/2020,Limete,4
5/7/2020,Kokolo (Ndolo),14
5/7/2020,Binza Méteo,3
5/7/2020,Lemba,
5/7/2020,Kalamu 1,1
5/7/2020,Lingwala,2
5/7/2020,Kintambo,
5/7/2020,Matete,1
5/7/2020,Kingabwa,
5/7/2020,Kasa-vubu,
5/7/2020,Kinshasa,1
5/7/2020,Bandalungwa,2
5/7/2020,Barumbu,1
5/7/2020,N'sele,
5/7/2020,Selembao,
5/7/2020,Bumbu,
5/7/2020,Ngiri-Ngiri,1
5/7/2020,Mont-Ngafula 1,
5/7/2020,Mont-Ngafula 2,
5/7/2020,Kalamu 2,
5/7/2020,Masina 1,
5/7/2020,Kikimi,
5/7/2020,Maluku 1,
5/7/2020,N'djili,2
5/7/2020,Makala,
5/7/2020,Ngaba,
5/7/2020,Masina 2,
5/7/2020,Kisenso,
5/7/2020,Kimbanseke,1
5/7/2020,Zone indeterminée,
5/7/2020,Police,
5/7/2020,Goma,
5/7/2020,Beni,
5/7/2020,Butembo,
5/7/2020,Ibanda,
5/7/2020,Nyankunde,
5/7/2020,Bunia,
5/7/2020,Idiofa,
5/7/2020,Kenya,
5/7/2020,Tshamilemba,
5/7/2020,Kasumbalesa,
5/7/2020,Matadi,
5/7/2020,Nzanza,
5/8/2020,Gombe,3
5/8/2020,Binza Ozone,2
5/8/2020,Limete,7
5/8/2020,Kokolo (Ndolo),
5/8/2020,Binza Méteo,
5/8/2020,Lemba,7
5/8/2020,Kalamu 1,
5/8/2020,Lingwala,5
5/8/2020,Kintambo,
5/8/2020,Matete,
5/8/2020,Kingabwa,
5/8/2020,Kasa-vubu,6
5/8/2020,Kinshasa,
5/8/2020,Bandalungwa,
5/8/2020,Barumbu,3
5/8/2020,N'sele,
5/8/2020,Selembao,
5/8/2020,Bumbu,1
5/8/2020,Ngiri-Ngiri,
5/8/2020,Mont-Ngafula 1,
5/8/2020,Mont-Ngafula 2,
5/8/2020,Kalamu 2,2
5/8/2020,Masina 1,1
5/8/2020,Kikimi,
5/8/2020,Maluku 1,
5/8/2020,N'djili,
5/8/2020,Makala,
5/8/2020,Ngaba,
5/8/2020,Masina 2,
5/8/2020,Kisenso,
5/8/2020,Kimbanseke,1
5/8/2020,Zone indeterminée,2
5/8/2020,Police,
5/8/2020,Goma,
5/8/2020,Beni,
5/8/2020,Butembo,
5/8/2020,Ibanda,
5/8/2020,Nyankunde,
5/8/2020,Bunia,
5/8/2020,Idiofa,
5/8/2020,Kenya,
5/8/2020,Tshamilemba,
5/8/2020,Kasumbalesa,
5/8/2020,Matadi,
5/8/2020,Nzanza,
5/9/2020,Gombe,3
5/9/2020,Binza Ozone,18
5/9/2020,Limete,1
5/9/2020,Kokolo (Ndolo),4
5/9/2020,Binza Méteo,2
5/9/2020,Lemba,
5/9/2020,Kalamu 1,
5/9/2020,Lingwala,1
5/9/2020,Kintambo,3
5/9/2020,Matete,
5/9/2020,Kingabwa,
5/9/2020,Kasa-vubu,
5/9/2020,Kinshasa,3
5/9/2020,Bandalungwa,4
5/9/2020,Barumbu,2
5/9/2020,N'sele,
5/9/2020,Selembao,
5/9/2020,Bumbu,
5/9/2020,Ngiri-Ngiri,
5/9/2020,Mont-Ngafula 1,
5/9/2020,Mont-Ngafula 2,2
5/9/2020,Kalamu 2,3
5/9/2020,Masina 1,
5/9/2020,Kikimi,
5/9/2020,Maluku 1,
5/9/2020,N'djili,1
5/9/2020,Makala,1
5/9/2020,Ngaba,
5/9/2020,Masina 2,
5/9/2020,Kisenso,
5/9/2020,Kimbanseke,2
5/9/2020,Zone indeterminée,4
5/9/2020,Police,
5/9/2020,Goma,
5/9/2020,Beni,
5/9/2020,Butembo,
5/9/2020,Ibanda,
5/9/2020,Nyankunde,
5/9/2020,Bunia,
5/9/2020,Idiofa,
5/9/2020,Kenya,
5/9/2020,Tshamilemba,
5/9/2020,Kasumbalesa,
5/9/2020,Matadi,
5/9/2020,Nzanza,
5/10/2020,Gombe,1
5/10/2020,Binza Ozone,2
5/10/2020,Limete,11
5/10/2020,Kokolo (Ndolo),
5/10/2020,Binza Méteo,1
5/10/2020,Lemba,1
5/10/2020,Kalamu 1,
5/10/2020,Lingwala,
5/10/2020,Kintambo,
5/10/2020,Matete,2
5/10/2020,Kingabwa,
5/10/2020,Kasa-vubu,1
5/10/2020,Kinshasa,1
5/10/2020,Bandalungwa,
5/10/2020,Barumbu,
5/10/2020,N'sele,1
5/10/2020,Selembao,1
5/10/2020,Bumbu,
5/10/2020,Ngiri-Ngiri,
5/10/2020,Mont-Ngafula 1,1
5/10/2020,Mont-Ngafula 2,
5/10/2020,Kalamu 2,
5/10/2020,Masina 1,
5/10/2020,Kikimi,
5/10/2020,Maluku 1,
5/10/2020,N'djili,8
5/10/2020,Makala,
5/10/2020,Ngaba,
5/10/2020,Masina 2,
5/10/2020,Kisenso,
5/10/2020,Kimbanseke,
5/10/2020,Zone indeterminée,
5/10/2020,Police,1
5/10/2020,Goma,1
5/10/2020,Beni,
5/10/2020,Butembo,
5/10/2020,Ibanda,
5/10/2020,Kadutu,1
5/10/2020,Nyankunde,
5/10/2020,Bunia,
5/10/2020,Idiofa,
5/10/2020,Kenya,
5/10/2020,Tshamilemba,
5/10/2020,Kasumbalesa,
5/10/2020,Matadi,
5/10/2020,Nzanza,
5/11/2020,Gombe,4
5/11/2020,Binza Ozone,
5/11/2020,Limete,14
5/11/2020,Kokolo (Ndolo),
5/11/2020,Binza Méteo,1
5/11/2020,Lemba,14
5/11/2020,Kalamu 1,2
5/11/2020,Lingwala,3
5/11/2020,Kintambo,3
5/11/2020,Matete,
5/11/2020,Kingabwa,1
5/11/2020,Kasa-vubu,
5/11/2020,Kinshasa,2
5/11/2020,Bandalungwa,
5/11/2020,Barumbu,1
5/11/2020,N'sele,1
5/11/2020,Selembao,
5/11/2020,Bumbu,
5/11/2020,Ngiri-Ngiri,1
5/11/2020,Mont-Ngafula 1,2
5/11/2020,Mont-Ngafula 2,
5/11/2020,Kalamu 2,
5/11/2020,Masina 1,
5/11/2020,Kikimi,
5/11/2020,Maluku 1,
5/11/2020,N'djili,6
5/11/2020,Makala,
5/11/2020,Ngaba,1
5/11/2020,Masina 2,1
5/11/2020,Kisenso,
5/11/2020,Kimbanseke,
5/11/2020,Zone indeterminée,5
5/11/2020,Police,
5/11/2020,Goma,
5/11/2020,Beni,
5/11/2020,Butembo,
5/11/2020,Ibanda,
5/11/2020,Kadutu,
5/11/2020,Nyankunde,
5/11/2020,Bunia,
5/11/2020,Idiofa,
5/11/2020,Kenya,
5/11/2020,Tshamilemba,
5/11/2020,Kasumbalesa,
5/11/2020,Matadi,13
5/11/2020,Nzanza,2
5/11/2020,Mvuzi,1
5/12/2020,Gombe,
5/12/2020,Binza Ozone,7
5/12/2020,Limete,6
5/12/2020,Kokolo (Ndolo),2
5/12/2020,Binza Méteo,2
5/12/2020,Lemba,3
5/12/2020,Kalamu 1,1
5/12/2020,Lingwala,5
5/12/2020,Kintambo,4
5/12/2020,Matete,
5/12/2020,Kingabwa,
5/12/2020,Kasa-vubu,8
5/12/2020,Kinshasa,
5/12/2020,Bandalungwa,3
5/12/2020,Barumbu,1
5/12/2020,N'sele,1
5/12/2020,Selembao,
5/12/2020,Bumbu,
5/12/2020,Ngiri-Ngiri,
5/12/2020,Mont-Ngafula 1,1
5/12/2020,Mont-Ngafula 2,
5/12/2020,Kalamu 2,
5/12/2020,Masina 1,
5/12/2020,Kikimi,
5/12/2020,Maluku 1,
5/12/2020,N'djili,1
5/12/2020,Makala,1
5/12/2020,Ngaba,
5/12/2020,Masina 2,
5/12/2020,Kisenso,
5/12/2020,Kimbanseke,
5/12/2020,Zone indeterminée,11
5/12/2020,Police,
5/12/2020,Goma,
5/12/2020,Beni,
5/12/2020,Butembo,
5/12/2020,Ibanda,
5/12/2020,Kadutu,
5/12/2020,Nyankunde,
5/12/2020,Bunia,
5/12/2020,Idiofa,
5/12/2020,Kenya,
5/12/2020,Tshamilemba,
5/12/2020,Kasumbalesa,
5/12/2020,Matadi,6
5/12/2020,Nzanza,4
5/12/2020,Mvuzi,
5/13/2020,Gombe,7
5/13/2020,Binza Ozone,1
5/13/2020,Limete,19
5/13/2020,Kokolo (Ndolo),2
5/13/2020,Binza Méteo,
5/13/2020,Lemba,1
5/13/2020,Kalamu 1,1
5/13/2020,Lingwala,2
5/13/2020,Kintambo,8
5/13/2020,Matete,1
5/13/2020,Kingabwa,
5/13/2020,Kasa-vubu,1
5/13/2020,Kinshasa,3
5/13/2020,Bandalungwa,2
5/13/2020,Barumbu,
5/13/2020,N'sele,
5/13/2020,Selembao,
5/13/2020,Bumbu,
5/13/2020,Ngiri-Ngiri,2
5/13/2020,Mont-Ngafula 1,1
5/13/2020,Mont-Ngafula 2,
5/13/2020,Kalamu 2,1
5/13/2020,Masina 1,
5/13/2020,Kikimi,
5/13/2020,Maluku 1,
5/13/2020,N'djili,
5/13/2020,Makala,1
5/13/2020,Ngaba,1
5/13/2020,Masina 2,
5/13/2020,Kisenso,
5/13/2020,Kimbanseke,2
5/13/2020,Zone indeterminée,17
5/13/2020,Police,
5/13/2020,Goma,
5/13/2020,Beni,
5/13/2020,Butembo,
5/13/2020,Ibanda,
5/13/2020,Kadutu,
5/13/2020,Nyankunde,
5/13/2020,Bunia,
5/13/2020,Idiofa,
5/13/2020,Kenya,
5/13/2020,Tshamilemba,
5/13/2020,Kasumbalesa,
5/13/2020,Matadi,
5/13/2020,Nzanza,
5/13/2020,Mvuzi,
5/14/2020,Gombe,2
5/14/2020,Binza Ozone,
5/14/2020,Limete,6
5/14/2020,Kokolo (Ndolo),11
5/14/2020,Binza Méteo,
5/14/2020,Lemba,3
5/14/2020,Kalamu 1,1
5/14/2020,Lingwala,5
5/14/2020,Kintambo,1
5/14/2020,Matete,1
5/14/2020,Kingabwa,
5/14/2020,Kasa-vubu,2
5/14/2020,Kinshasa,1
5/14/2020,Bandalungwa,1
5/14/2020,Barumbu,
5/14/2020,N'sele,2
5/14/2020,Selembao,
5/14/2020,Bumbu,
5/14/2020,Ngiri-Ngiri,1
5/14/2020,Mont-Ngafula 1,1
5/14/2020,Mont-Ngafula 2,
5/14/2020,Kalamu 2,
5/14/2020,Masina 1,3
5/14/2020,Kikimi,
5/14/2020,Maluku 1,
5/14/2020,N'djili,
5/14/2020,Makala,1
5/14/2020,Ngaba,1
5/14/2020,Masina 2,
5/14/2020,Kisenso,
5/14/2020,Kimbanseke,2
5/14/2020,Zone indeterminée,11
5/14/2020,Police,
5/14/2020,Goma,
5/14/2020,Beni,
5/14/2020,Butembo,
5/14/2020,Ibanda,
5/14/2020,Kadutu,
5/14/2020,Nyankunde,
5/14/2020,Bunia,
5/14/2020,Idiofa,
5/14/2020,Kenya,
5/14/2020,Tshamilemba,
5/14/2020,Kasumbalesa,
5/14/2020,Matadi,
5/14/2020,Nzanza,
5/14/2020,Mvuzi,
5/15/2020,Gombe,7
5/15/2020,Binza Ozone,5
5/15/2020,Limete,5
5/15/2020,Kokolo (Ndolo),2
5/15/2020,Binza Méteo,2
5/15/2020,Lemba,7
5/15/2020,Kalamu 1,2
5/15/2020,Lingwala,
5/15/2020,Kintambo,1
5/15/2020,Matete,
5/15/2020,Kingabwa,2
5/15/2020,Kasa-vubu,
5/15/2020,Kinshasa,2
5/15/2020,Bandalungwa,4
5/15/2020,Barumbu,
5/15/2020,N'sele,
5/15/2020,Selembao,
5/15/2020,Bumbu,
5/15/2020,Ngiri-Ngiri,
5/15/2020,Mont-Ngafula 1,2
5/15/2020,Mont-Ngafula 2,
5/15/2020,Kalamu 2,
5/15/2020,Masina 1,
5/15/2020,Kikimi,
5/15/2020,Maluku 1,
5/15/2020,N'djili,10
5/15/2020,Makala,
5/15/2020,Ngaba,1
5/15/2020,Masina 2,
5/15/2020,Kisenso,
5/15/2020,Kimbanseke,1
5/15/2020,Zone indeterminée,12
5/15/2020,Police,6
5/15/2020,Goma,
5/15/2020,Beni,
5/15/2020,Butembo,
5/15/2020,Ibanda,
5/15/2020,Kadutu,
5/15/2020,Nyankunde,
5/15/2020,Bunia,
5/15/2020,Idiofa,
5/15/2020,Kenya,
5/15/2020,Tshamilemba,
5/15/2020,Kasumbalesa,
5/15/2020,Matadi,
5/15/2020,Nzanza,
5/15/2020,Mvuzi,
5/16/2020,Gombe,7
5/16/2020,Binza Ozone,13
5/16/2020,Limete,2
5/16/2020,Kokolo (Ndolo),13
5/16/2020,Binza Méteo,3
5/16/2020,Lemba,3
5/16/2020,Kalamu 1,1
5/16/2020,Lingwala,2
5/16/2020,Kintambo,1
5/16/2020,Matete,2
5/16/2020,Kingabwa,
5/16/2020,Kasa-vubu,
5/16/2020,Kinshasa,1
5/16/2020,Bandalungwa,1
5/16/2020,Barumbu,1
5/16/2020,N'sele,
5/16/2020,Selembao,
5/16/2020,Bumbu,
5/16/2020,Ngiri-Ngiri,
5/16/2020,Mont-Ngafula 1,
5/16/2020,Mont-Ngafula 2,
5/16/2020,Kalamu 2,
5/16/2020,Masina 1,
5/16/2020,Kikimi,
5/16/2020,Maluku 1,
5/16/2020,N'djili,1
5/16/2020,Makala,
5/16/2020,Ngaba,2
5/16/2020,Masina 2,
5/16/2020,Kisenso,1
5/16/2020,Kimbanseke,2
5/16/2020,Zone indeterminée,
5/16/2020,Police,
5/16/2020,Biyela,2
5/16/2020,Goma,3
5/16/2020,Beni,1
5/16/2020,Butembo,1
5/16/2020,Karisimbi,3
5/16/2020,Himbi,1
5/16/2020,Ibanda,
5/16/2020,Kadutu,
5/16/2020,Nyankunde,
5/16/2020,Bunia,
5/16/2020,Idiofa,
5/16/2020,Kenya,
5/16/2020,Tshamilemba,
5/16/2020,Kasumbalesa,
5/16/2020,Lubumbashi,1
5/16/2020,Matadi,7
5/16/2020,Nzanza,8
5/16/2020,Mvuzi,
5/16/2020,Boma,1
5/16/2020,Lukula,1
5/17/2020,Gombe,2
5/17/2020,Binza Ozone,8
5/17/2020,Limete,17
5/17/2020,Kokolo (Ndolo),1
5/17/2020,Binza Méteo,3
5/17/2020,Lemba,8
5/17/2020,Kalamu 1,1
5/17/2020,Lingwala,5
5/17/2020,Kintambo,2
5/17/2020,Matete,2
5/17/2020,Kingabwa,
5/17/2020,Kasa-vubu,
5/17/2020,Kinshasa,3
5/17/2020,Bandalungwa,
5/17/2020,Barumbu,2
5/17/2020,N'sele,
5/17/2020,Selembao,2
5/17/2020,Bumbu,
5/17/2020,Ngiri-Ngiri,
5/17/2020,Mont-Ngafula 1,2
5/17/2020,Mont-Ngafula 2,
5/17/2020,Kalamu 2,
5/17/2020,Masina 1,
5/17/2020,Kikimi,2
5/17/2020,Maluku 1,
5/17/2020,N'djili,
5/17/2020,Makala,1
5/17/2020,Ngaba,1
5/17/2020,Masina 2,
5/17/2020,Kisenso,1
5/17/2020,Kimbanseke,1
5/17/2020,Zone indeterminée,2
5/17/2020,Police,
5/17/2020,Biyela,
5/17/2020,Goma,3
5/17/2020,Beni,
5/17/2020,Butembo,
5/17/2020,Karisimbi,3
5/17/2020,Himbi,1
5/17/2020,Ibanda,
5/17/2020,Kadutu,
5/17/2020,Nyankunde,
5/17/2020,Bunia,
5/17/2020,Idiofa,
5/17/2020,Kenya,
5/17/2020,Tshamilemba,
5/17/2020,Kasumbalesa,
5/17/2020,Lubumbashi,
5/17/2020,Matadi,10
5/17/2020,Nzanza,
5/17/2020,Mvuzi,
5/17/2020,Boma,
5/17/2020,Lukula,
5/18/2020,Gombe,21
5/18/2020,Binza Ozone,11
5/18/2020,Limete,20
5/18/2020,Kokolo (Ndolo),1
5/18/2020,Binza Méteo,5
5/18/2020,Lemba,5
5/18/2020,Kalamu 1,
5/18/2020,Lingwala,1
5/18/2020,Kintambo,5
5/18/2020,Matete,2
5/18/2020,Kingabwa,
5/18/2020,Kasa-vubu,1
5/18/2020,Kinshasa,4
5/18/2020,Bandalungwa,4
5/18/2020,Barumbu,
5/18/2020,N'sele,1
5/18/2020,Selembao,
5/18/2020,Bumbu,
5/18/2020,Ngiri-Ngiri,
5/18/2020,Mont-Ngafula 1,2
5/18/2020,Mont-Ngafula 2,
5/18/2020,Kalamu 2,1
5/18/2020,Masina 1,1
5/18/2020,Kikimi,
5/18/2020,Maluku 1,
5/18/2020,N'djili,
5/18/2020,Makala,
5/18/2020,Ngaba,1
5/18/2020,Masina 2,
5/18/2020,Kisenso,
5/18/2020,Kimbanseke,
5/18/2020,Zone indeterminée,3
5/18/2020,Police,
5/18/2020,Biyela,
5/18/2020,Goma,
5/18/2020,Beni,
5/18/2020,Butembo,
5/18/2020,Karisimbi,
5/18/2020,Himbi,
5/18/2020,Ibanda,
5/18/2020,Kadutu,
5/18/2020,Nyankunde,
5/18/2020,Bunia,
5/18/2020,Idiofa,
5/18/2020,Kenya,
5/18/2020,Tshamilemba,
5/18/2020,Kasumbalesa,
5/18/2020,Lubumbashi,2
5/18/2020,Matadi,
5/18/2020,Nzanza,
5/18/2020,Mvuzi,
5/18/2020,Boma,
5/18/2020,Lukula,
5/19/2020,Gombe,5
5/19/2020,Binza Ozone,8
5/19/2020,Limete,22
5/19/2020,Kokolo (Ndolo),2
5/19/2020,Binza Méteo,7
5/19/2020,Lemba,4
5/19/2020,Kalamu 1,
5/19/2020,Lingwala,5
5/19/2020,Kintambo,
5/19/2020,Matete,1
5/19/2020,Kingabwa,1
5/19/2020,Kasa-vubu,3
5/19/2020,Kinshasa,1
5/19/2020,Bandalungwa,
5/19/2020,Barumbu,
5/19/2020,N'sele,
5/19/2020,Selembao,1
5/19/2020,Bumbu,
5/19/2020,Ngiri-Ngiri,
5/19/2020,Mont-Ngafula 1,1
5/19/2020,Mont-Ngafula 2,
5/19/2020,Kalamu 2,
5/19/2020,Masina 1,
5/19/2020,Kikimi,
5/19/2020,Maluku 1,
5/19/2020,N'djili,
5/19/2020,Makala,
5/19/2020,Ngaba,1
5/19/2020,Masina 2,
5/19/2020,Kisenso,
5/19/2020,Kimbanseke,2
5/19/2020,Zone indeterminée,14
5/19/2020,Police,5
5/19/2020,Biyela,
5/19/2020,Goma,
5/19/2020,Beni,
5/19/2020,Butembo,
5/19/2020,Karisimbi,
5/19/2020,Himbi,
5/19/2020,Ibanda,
5/19/2020,Kadutu,
5/19/2020,Nyankunde,
5/19/2020,Bunia,
5/19/2020,Idiofa,
5/19/2020,Kenya,
5/19/2020,Tshamilemba,
5/19/2020,Kasumbalesa,
5/19/2020,Lubumbashi,
5/19/2020,Matadi,12
5/19/2020,Nzanza,7
5/19/2020,Mvuzi,
5/19/2020,Boma,
5/19/2020,Lukula,
5/20/2020,Gombe,13
5/20/2020,Binza Ozone,
5/20/2020,Limete,15
5/20/2020,Kokolo (Ndolo),2
5/20/2020,Binza Méteo,5
5/20/2020,Lemba,22
5/20/2020,Kalamu 1,
5/20/2020,Lingwala,4
5/20/2020,Kintambo,1
5/20/2020,Matete,
5/20/2020,Kingabwa,
5/20/2020,Kasa-vubu,
5/20/2020,Kinshasa,1
5/20/2020,Bandalungwa,2
5/20/2020,Barumbu,4
5/20/2020,N'sele,
5/20/2020,Selembao,
5/20/2020,Bumbu,1
5/20/2020,Ngiri-Ngiri,
5/20/2020,Mont-Ngafula 1,3
5/20/2020,Mont-Ngafula 2,
5/20/2020,Kalamu 2,
5/20/2020,Masina 1,
5/20/2020,Kikimi,
5/20/2020,Maluku 1,
5/20/2020,N'djili,1
5/20/2020,Makala,1
5/20/2020,Ngaba,
5/20/2020,Masina 2,
5/20/2020,Kisenso,
5/20/2020,Kimbanseke,
5/20/2020,Zone indeterminée,15
5/20/2020,Police,7
5/20/2020,Biyela,
5/20/2020,Goma,
5/20/2020,Beni,
5/20/2020,Butembo,
5/20/2020,Karisimbi,
5/20/2020,Himbi,
5/20/2020,Ibanda,
5/20/2020,Kadutu,
5/20/2020,Nyankunde,
5/20/2020,Bunia,
5/20/2020,Idiofa,
5/20/2020,Kenya,
5/20/2020,Tshamilemba,
5/20/2020,Kasumbalesa,
5/20/2020,Lubumbashi,
5/20/2020,Matadi,4
5/20/2020,Nzanza,3
5/20/2020,Mvuzi,
5/20/2020,Boma,
5/20/2020,Lukula,
5/21/2020,Gombe,12
5/21/2020,Binza Ozone,15
5/21/2020,Limete,16
5/21/2020,Kokolo (Ndolo),2
5/21/2020,Binza Méteo,9
5/21/2020,Lemba,13
5/21/2020,Kalamu 1,2
5/21/2020,Lingwala,2
5/21/2020,Kintambo,2
5/21/2020,Matete,4
5/21/2020,Kingabwa,1
5/21/2020,Kasa-vubu,5
5/21/2020,Kinshasa,2
5/21/2020,Bandalungwa,2
5/21/2020,Barumbu,1
5/21/2020,N'sele,
5/21/2020,Selembao,2
5/21/2020,Bumbu,1
5/21/2020,Ngiri-Ngiri,
5/21/2020,Mont-Ngafula 1,1
5/21/2020,Mont-Ngafula 2,
5/21/2020,Kalamu 2,4
5/21/2020,Masina 1,1
5/21/2020,Kikimi,
5/21/2020,Maluku 1,
5/21/2020,N'djili,
5/21/2020,Makala,1
5/21/2020,Ngaba,5
5/21/2020,Masina 2,
5/21/2020,Kisenso,
5/21/2020,Kimbanseke,
5/21/2020,Zone indeterminée,2
5/21/2020,Police,2
5/21/2020,Biyela,1
5/21/2020,Goma,
5/21/2020,Beni,
5/21/2020,Butembo,
5/21/2020,Karisimbi,
5/21/2020,Himbi,
5/21/2020,Ibanda,
5/21/2020,Kadutu,
5/21/2020,Nyankunde,
5/21/2020,Bunia,
5/21/2020,Idiofa,
5/21/2020,Kenya,
5/21/2020,Tshamilemba,
5/21/2020,Kasumbalesa,
5/21/2020,Lubumbashi,
5/21/2020,Matadi,2
5/21/2020,Nzanza,
5/21/2020,Mvuzi,
5/21/2020,Boma,
5/21/2020,Lukula,
5/22/2020,Gombe,6
5/22/2020,Binza Ozone,1
5/22/2020,Limete,12
5/22/2020,Kokolo (Ndolo),
5/22/2020,Binza Méteo,3
5/22/2020,Lemba,3
5/22/2020,Kalamu 1,1
5/22/2020,Lingwala,5
5/22/2020,Kintambo,6
5/22/2020,Matete,
5/22/2020,Kingabwa,
5/22/2020,Kasa-vubu,1
5/22/2020,Kinshasa,3
5/22/2020,Bandalungwa,4
5/22/2020,Barumbu,
5/22/2020,N'sele,
5/22/2020,Selembao,4
5/22/2020,Bumbu,2
5/22/2020,Ngiri-Ngiri,
5/22/2020,Mont-Ngafula 1,2
5/22/2020,Mont-Ngafula 2,1
5/22/2020,Kalamu 2,
5/22/2020,Masina 1,
5/22/2020,Kikimi,
5/22/2020,Maluku 1,1
5/22/2020,N'djili,
5/22/2020,Makala,
5/22/2020,Ngaba,3
5/22/2020,Masina 2,
5/22/2020,Kisenso,
5/22/2020,Kimbanseke,
5/22/2020,Zone indeterminée,20
5/22/2020,Police,2
5/22/2020,Biyela,
5/22/2020,Goma,
5/22/2020,Beni,
5/22/2020,Butembo,
5/22/2020,Karisimbi,
5/22/2020,Himbi,
5/22/2020,Ibanda,
5/22/2020,Kadutu,
5/22/2020,Nyankunde,
5/22/2020,Bunia,
5/22/2020,Idiofa,
5/22/2020,Kenya,
5/22/2020,Tshamilemba,
5/22/2020,Kasumbalesa,
5/22/2020,Lubumbashi,
5/22/2020,Matadi,
5/22/2020,Nzanza,
5/22/2020,Mvuzi,
5/22/2020,Boma,
5/22/2020,Lukula,
5/23/2020,Gombe,12
5/23/2020,Binza Ozone,4
5/23/2020,Limete,14
5/23/2020,Kokolo (Ndolo),1
5/23/2020,Binza Méteo,
5/23/2020,Lemba,13
5/23/2020,Kalamu 1,1
5/23/2020,Lingwala,5
5/23/2020,Kintambo,7
5/23/2020,Matete,3
5/23/2020,Kingabwa,1
5/23/2020,Kasa-vubu,1
5/23/2020,Kinshasa,4
5/23/2020,Bandalungwa,3
5/23/2020,Barumbu,1
5/23/2020,N'sele,1
5/23/2020,Selembao,1
5/23/2020,Bumbu,2
5/23/2020,Ngiri-Ngiri,2
5/23/2020,Mont-Ngafula 1,8
5/23/2020,Mont-Ngafula 2,
5/23/2020,Kalamu 2,2
5/23/2020,Masina 1,2
5/23/2020,Kikimi,2
5/23/2020,Maluku 1,
5/23/2020,N'djili,3
5/23/2020,Makala,
5/23/2020,Ngaba,2
5/23/2020,Masina 2,2
5/23/2020,Kisenso,
5/23/2020,Kimbanseke,
5/23/2020,Zone indeterminée,11
5/23/2020,Police,4
5/23/2020,Biyela,
5/23/2020,Goma,
5/23/2020,Beni,
5/23/2020,Butembo,
5/23/2020,Karisimbi,
5/23/2020,Himbi,
5/23/2020,Ibanda,
5/23/2020,Kadutu,
5/23/2020,Nyankunde,
5/23/2020,Bunia,
5/23/2020,Idiofa,
5/23/2020,Kenya,3
5/23/2020,Tshamilemba,1
5/23/2020,Kasumbalesa,
5/23/2020,Lubumbashi,
5/23/2020,Matadi,
5/23/2020,Nzanza,
5/23/2020,Mvuzi,
5/23/2020,Boma,
5/23/2020,Lukula,
5/24/2020,Gombe,12
5/24/2020,Binza Ozone,3
5/24/2020,Limete,7
5/24/2020,Kokolo (Ndolo),41
5/24/2020,Binza Méteo,2
5/24/2020,Lemba,6
5/24/2020,Kalamu 1,
5/24/2020,Lingwala,5
5/24/2020,Kintambo,2
5/24/2020,Matete,
5/24/2020,Kingabwa,3
5/24/2020,Kasa-vubu,4
5/24/2020,Kinshasa,
5/24/2020,Bandalungwa,2
5/24/2020,Barumbu,
5/24/2020,N'sele,
5/24/2020,Selembao,2
5/24/2020,Bumbu,1
5/24/2020,Ngiri-Ngiri,
5/24/2020,Mont-Ngafula 1,4
5/24/2020,Mont-Ngafula 2,6
5/24/2020,Kalamu 2,2
5/24/2020,Masina 1,1
5/24/2020,Kikimi,
5/24/2020,Maluku 1,
5/24/2020,N'djili,
5/24/2020,Makala,
5/24/2020,Ngaba,
5/24/2020,Masina 2,
5/24/2020,Kisenso,
5/24/2020,Kimbanseke,1
5/24/2020,Zone indeterminée,5
5/24/2020,Police,4
5/24/2020,Biyela,1
5/24/2020,Kingasani,1
5/24/2020,Goma,
5/24/2020,Beni,
5/24/2020,Butembo,
5/24/2020,Karisimbi,
5/24/2020,Himbi,
5/24/2020,Ibanda,
5/24/2020,Kadutu,
5/24/2020,Nyankunde,
5/24/2020,Bunia,
5/24/2020,Idiofa,
5/24/2020,Kenya,
5/24/2020,Tshamilemba,
5/24/2020,Kasumbalesa,
5/24/2020,Lubumbashi,
5/24/2020,Matadi,30
5/24/2020,Nzanza,7
5/24/2020,Mvuzi,
5/24/2020,Boma,2
5/24/2020,Lukula,
5/24/2020,Mbanza Ngungu,2
5/25/2020,Gombe,8
5/25/2020,Binza Ozone,5
5/25/2020,Limete,14
5/25/2020,Kokolo (Ndolo),3
5/25/2020,Binza Méteo,7
5/25/2020,Lemba,6
5/25/2020,Kalamu 1,3
5/25/2020,Lingwala,12
5/25/2020,Kintambo,2
5/25/2020,Matete,3
5/25/2020,Kingabwa,
5/25/2020,Kasa-vubu,10
5/25/2020,Kinshasa,1
5/25/2020,Bandalungwa,3
5/25/2020,Barumbu,2
5/25/2020,N'sele,
5/25/2020,Selembao,
5/25/2020,Bumbu,
5/25/2020,Ngiri-Ngiri,
5/25/2020,Mont-Ngafula 1,6
5/25/2020,Mont-Ngafula 2,
5/25/2020,Kalamu 2,2
5/25/2020,Masina 1,1
5/25/2020,Kikimi,
5/25/2020,Maluku 1,
5/25/2020,N'djili,
5/25/2020,Makala,1
5/25/2020,Ngaba,1
5/25/2020,Masina 2,
5/25/2020,Kisenso,
5/25/2020,Kimbanseke,2
5/25/2020,Zone indeterminée,
5/25/2020,Police,
5/25/2020,Biyela,
5/25/2020,Kingasani,
5/25/2020,Goma,
5/25/2020,Beni,
5/25/2020,Butembo,
5/25/2020,Karisimbi,
5/25/2020,Himbi,
5/25/2020,Ibanda,
5/25/2020,Kadutu,
5/25/2020,Nyankunde,
5/25/2020,Bunia,
5/25/2020,Idiofa,
5/25/2020,Kenya,
5/25/2020,Tshamilemba,
5/25/2020,Kasumbalesa,
5/25/2020,Lubumbashi,
5/25/2020,Matadi,12
5/25/2020,Nzanza,2
5/25/2020,Mvuzi,
5/25/2020,Boma,
5/25/2020,Lukula,
5/25/2020,Mbanza Ngungu,
5/26/2020,Gombe,10
5/26/2020,Binza Ozone,16
5/26/2020,Limete,7
5/26/2020,Kokolo (Ndolo),30
5/26/2020,Binza Méteo,2
5/26/2020,Lemba,3
5/26/2020,Kalamu 1,
5/26/2020,Lingwala,1
5/26/2020,Kintambo,1
5/26/2020,Matete,
5/26/2020,Kingabwa,
5/26/2020,Kasa-vubu,1
5/26/2020,Kinshasa,
5/26/2020,Bandalungwa,2
5/26/2020,Barumbu,1
5/26/2020,N'sele,2
5/26/2020,Selembao,
5/26/2020,Bumbu,
5/26/2020,Ngiri-Ngiri,
5/26/2020,Mont-Ngafula 1,1
5/26/2020,Mont-Ngafula 2,
5/26/2020,Kalamu 2,2
5/26/2020,Masina 1,3
5/26/2020,Kikimi,
5/26/2020,Maluku 1,3
5/26/2020,N'djili,8
5/26/2020,Makala,
5/26/2020,Ngaba,
5/26/2020,Masina 2,
5/26/2020,Kisenso,
5/26/2020,Kimbanseke,
5/26/2020,Zone indeterminée,2
5/26/2020,Police,
5/26/2020,Biyela,
5/26/2020,Kingasani,
5/26/2020,Goma,7
5/26/2020,Beni,
5/26/2020,Butembo,
5/26/2020,Karisimbi,7
5/26/2020,Himbi,
5/26/2020,Nyirangongo,2
5/26/2020,Rutshuru,1
5/26/2020,Kasindi,3
5/26/2020,Ibanda,12
5/26/2020,Kadutu,
5/26/2020,Nyankunde,
5/26/2020,Bunia,
5/26/2020,Idiofa,
5/26/2020,Bonga Yasa,1
5/26/2020,Kenya,2
5/26/2020,Tshamilemba,
5/26/2020,Kasumbalesa,
5/26/2020,Lubumbashi,1
5/26/2020,Kampamba,1
5/26/2020,Matadi,8
5/26/2020,Nzanza,3
5/26/2020,Mvuzi,
5/26/2020,Boma,
5/26/2020,Lukula,
5/26/2020,Mbanza Ngungu,
5/27/2020,Gombe,21
5/27/2020,Binza Ozone,8
5/27/2020,Limete,13
5/27/2020,Kokolo (Ndolo),20
5/27/2020,Binza Méteo,6
5/27/2020,Lemba,7
5/27/2020,Kalamu 1,
5/27/2020,Lingwala,3
5/27/2020,Kintambo,1
5/27/2020,Matete,4
5/27/2020,Kingabwa,1
5/27/2020,Kasa-vubu,1
5/27/2020,Kinshasa,
5/27/2020,Bandalungwa,2
5/27/2020,Barumbu,
5/27/2020,N'sele,
5/27/2020,Selembao,
5/27/2020,Bumbu,
5/27/2020,Ngiri-Ngiri,1
5/27/2020,Mont-Ngafula 1,1
5/27/2020,Mont-Ngafula 2,
5/27/2020,Kalamu 2,1
5/27/2020,Masina 1,
5/27/2020,Kikimi,
5/27/2020,Maluku 1,
5/27/2020,N'djili,1
5/27/2020,Makala,
5/27/2020,Ngaba,
5/27/2020,Masina 2,
5/27/2020,Kisenso,
5/27/2020,Kimbanseke,2
5/27/2020,Zone indeterminée,8
5/27/2020,Police,
5/27/2020,Biyela,
5/27/2020,Kingasani,
5/27/2020,Goma,
5/27/2020,Beni,
5/27/2020,Butembo,
5/27/2020,Karisimbi,
5/27/2020,Himbi,
5/27/2020,Nyirangongo,
5/27/2020,Rutshuru,
5/27/2020,Kasindi,
5/27/2020,Ibanda,
5/27/2020,Kadutu,
5/27/2020,Nyankunde,
5/27/2020,Bunia,
5/27/2020,Idiofa,
5/27/2020,Bonga Yasa,
5/27/2020,Kenya,
5/27/2020,Tshamilemba,
5/27/2020,Kasumbalesa,
5/27/2020,Lubumbashi,
5/27/2020,Kampamba,
5/27/2020,Matadi,8
5/27/2020,Nzanza,5
5/27/2020,Mvuzi,
5/27/2020,Boma,
5/27/2020,Lukula,
5/27/2020,Mbanza Ngungu,
5/28/2020,Gombe,24
5/28/2020,Binza Ozone,8
5/28/2020,Limete,24
5/28/2020,Kokolo (Ndolo),6
5/28/2020,Binza Méteo,3
5/28/2020,Lemba,19
5/28/2020,Kalamu 1,
5/28/2020,Lingwala,
5/28/2020,Kintambo,4
5/28/2020,Matete,6
5/28/2020,Kingabwa,7
5/28/2020,Kasa-vubu,7
5/28/2020,Kinshasa,2
5/28/2020,Bandalungwa,3
5/28/2020,Barumbu,1
5/28/2020,N'sele,2
5/28/2020,Selembao,7
5/28/2020,Bumbu,2
5/28/2020,Ngiri-Ngiri,
5/28/2020,Mont-Ngafula 1,3
5/28/2020,Mont-Ngafula 2,1
5/28/2020,Kalamu 2,2
5/28/2020,Masina 1,3
5/28/2020,Kikimi,
5/28/2020,Maluku 1,
5/28/2020,N'djili,6
5/28/2020,Makala,2
5/28/2020,Ngaba,3
5/28/2020,Masina 2,1
5/28/2020,Kisenso,
5/28/2020,Kimbanseke,5
5/28/2020,Zone indeterminée,2
5/28/2020,Goma,3
5/28/2020,Beni,
5/28/2020,Butembo,
5/28/2020,Ibanda,10
5/28/2020,Nyankunde,
5/28/2020,Bunia,
5/28/2020,Kadutu,2
5/28/2020,Idiofa,
5/28/2020,Karisimbi,4
5/28/2020,Nyirangongo,1
5/28/2020,Kenya,
5/28/2020,Tshamilemba,
5/28/2020,Kasumbalesa,
5/28/2020,Matadi,
5/28/2020,Nzanza,
5/29/2020,Gombe,12
5/29/2020,Binza Ozone,
5/29/2020,Limete,17
5/29/2020,Kokolo (Ndolo),22
5/29/2020,Binza Méteo,2
5/29/2020,Lemba,8
5/29/2020,Kalamu 1,1
5/29/2020,Lingwala,1
5/29/2020,Kintambo,3
5/29/2020,Matete,1
5/29/2020,Kingabwa,
5/29/2020,Kasa-vubu,11
5/29/2020,Kinshasa,3
5/29/2020,Bandalungwa,2
5/29/2020,Barumbu,5
5/29/2020,N'sele,2
5/29/2020,Selembao,
5/29/2020,Bumbu,
5/29/2020,Ngiri-Ngiri,3
5/29/2020,Mont-Ngafula 1,3
5/29/2020,Mont-Ngafula 2,
5/29/2020,Kalamu 2,4
5/29/2020,Masina 1,
5/29/2020,Kikimi,1
5/29/2020,Maluku 1,
5/29/2020,N'djili,1
5/29/2020,Makala,
5/29/2020,Ngaba,4
5/29/2020,Masina 2,
5/29/2020,Kisenso,
5/29/2020,Kimbanseke,2
5/29/2020,Zone indeterminée,23
5/29/2020,Police,
5/29/2020,Biyela,2
5/29/2020,Kingasani,
5/29/2020,Goma,
5/29/2020,Beni,
5/29/2020,Butembo,
5/29/2020,Karisimbi,
5/29/2020,Himbi,
5/29/2020,Nyirangongo,
5/29/2020,Rutshuru,
5/29/2020,Kasindi,
5/29/2020,Ibanda,
5/29/2020,Kadutu,
5/29/2020,Nyankunde,
5/29/2020,Bunia,
5/29/2020,Idiofa,
5/29/2020,Bonga Yasa,
5/29/2020,Kenya,
5/29/2020,Tshamilemba,
5/29/2020,Kasumbalesa,
5/29/2020,Lubumbashi,
5/29/2020,Kampamba,
5/29/2020,Matadi,
5/29/2020,Nzanza,
5/29/2020,Mvuzi,
5/29/2020,Boma,
5/29/2020,Lukula,
5/29/2020,Mbanza Ngungu,
5/30/2020,Gombe,14
5/30/2020,Binza Ozone,5
5/30/2020,Limete,11
5/30/2020,Kokolo (Ndolo),
5/30/2020,Binza Méteo,4
5/30/2020,Lemba,3
5/30/2020,Kalamu 1,
5/30/2020,Lingwala,2
5/30/2020,Kintambo,
5/30/2020,Matete,2
5/30/2020,Kingabwa,3
5/30/2020,Kasa-vubu,8
5/30/2020,Kinshasa,2
5/30/2020,Bandalungwa,3
5/30/2020,Barumbu,1
5/30/2020,N'sele,2
5/30/2020,Selembao,
5/30/2020,Bumbu,
5/30/2020,Ngiri-Ngiri,
5/30/2020,Mont-Ngafula 1,8
5/30/2020,Mont-Ngafula 2,3
5/30/2020,Kalamu 2,2
5/30/2020,Masina 1,
5/30/2020,Kikimi,1
5/30/2020,Maluku 1,
5/30/2020,N'djili,1
5/30/2020,Makala,
5/30/2020,Ngaba,
5/30/2020,Masina 2,
5/30/2020,Kisenso,
5/30/2020,Kimbanseke,1
5/30/2020,Zone indeterminée,5
5/30/2020,Goma,
5/30/2020,Beni,
5/30/2020,Butembo,
5/30/2020,Ibanda,
5/30/2020,Nyankunde,
5/30/2020,Bunia,
5/30/2020,Idiofa,
5/30/2020,Kenya,2
5/30/2020,Tshamilemba,
5/30/2020,Kasumbalesa,
5/30/2020,Matadi,
5/30/2020,Nzanza,
5/31/2020,Gombe,17
5/31/2020,Binza Ozone,12
5/31/2020,Limete,16
5/31/2020,Kokolo (Ndolo),6
5/31/2020,Binza Méteo,11
5/31/2020,Lemba,5
5/31/2020,Kalamu 1,1
5/31/2020,Lingwala,20
5/31/2020,Kintambo,2
5/31/2020,Matete,2
5/31/2020,Kingabwa,4
5/31/2020,Kasa-vubu,7
5/31/2020,Kinshasa,2
5/31/2020,Bandalungwa,2
5/31/2020,Barumbu,1
5/31/2020,N'sele,
5/31/2020,Selembao,1
5/31/2020,Bumbu,1
5/31/2020,Ngiri-Ngiri,
5/31/2020,Mont-Ngafula 1,3
5/31/2020,Mont-Ngafula 2,
5/31/2020,Kalamu 2,
5/31/2020,Masina 1,1
5/31/2020,Kikimi,
5/31/2020,Maluku 1,
5/31/2020,N'djili,1
5/31/2020,Makala,1
5/31/2020,Ngaba,4
5/31/2020,Masina 2,
5/31/2020,Kisenso,
5/31/2020,Kimbanseke,
5/31/2020,Zone indeterminée,15
5/31/2020,Goma,
5/31/2020,Beni,
5/31/2020,Butembo,
5/31/2020,Ibanda,
5/31/2020,Nyankunde,
5/31/2020,Bunia,
5/31/2020,Idiofa,
5/31/2020,Kenya,
5/31/2020,Tshamilemba,2
5/31/2020,Lubumbashi,5
5/31/2020,Katuba,1
5/31/2020,Rwashi,2
5/31/2020,Kenge,1
5/31/2020,Kasumbalesa,
5/31/2020,Matadi,
5/31/2020,Nzanza,
6/1/2020,Gombe,22
6/1/2020,Binza Ozone,4
6/1/2020,Limete,10
6/1/2020,Kokolo (Ndolo),10
6/1/2020,Binza Méteo,8
6/1/2020,Lemba,14
6/1/2020,Kalamu 1,2
6/1/2020,Lingwala,1
6/1/2020,Kintambo,1
6/1/2020,Matete,2
6/1/2020,Kingabwa,4
6/1/2020,Kasa-vubu,3
6/1/2020,Kinshasa,1
6/1/2020,Bandalungwa,3
6/1/2020,Barumbu,5
6/1/2020,N'sele,
6/1/2020,Selembao,2
6/1/2020,Bumbu,1
6/1/2020,Ngiri-Ngiri,
6/1/2020,Mont-Ngafula 1,4
6/1/2020,Mont-Ngafula 2,
6/1/2020,Kalamu 2,1
6/1/2020,Masina 1,
6/1/2020,Kikimi,
6/1/2020,Maluku 1,
6/1/2020,N'djili,2
6/1/2020,Makala,
6/1/2020,Ngaba,2
6/1/2020,Masina 2,2
6/1/2020,Kisenso,1
6/1/2020,Kingasani,1
6/1/2020,Kimbanseke,1
6/1/2020,Zone indeterminée,5
6/1/2020,Goma,1
6/1/2020,Beni,1
6/1/2020,Butembo,
6/1/2020,Karisimbi,1
6/1/2020,Ibanda,6
6/1/2020,Nyirangongo,2
6/1/2020,Nyankunde,
6/1/2020,Kadutu,6
6/1/2020,Kabare,1
6/1/2020,Bunia,
6/1/2020,Idiofa,
6/1/2020,Kenya,
6/1/2020,Tshamilemba,
6/1/2020,Kasumbalesa,
6/1/2020,Matadi,
6/1/2020,Nzanza,1
6/2/2020,Gombe,26
6/2/2020,Binza Ozone,9
6/2/2020,Limete,39
6/2/2020,Kokolo (Ndolo),2
6/2/2020,Binza Méteo,14
6/2/2020,Lemba,5
6/2/2020,Kalamu 1,
6/2/2020,Lingwala,13
6/2/2020,Kintambo,3
6/2/2020,Matete,1
6/2/2020,Kingabwa,3
6/2/2020,Kasa-vubu,20
6/2/2020,Kinshasa,2
6/2/2020,Bandalungwa,
6/2/2020,Barumbu,11
6/2/2020,N'sele,
6/2/2020,Selembao,3
6/2/2020,Bumbu,
6/2/2020,Ngiri-Ngiri,1
6/2/2020,Mont-Ngafula 1,3
6/2/2020,Mont-Ngafula 2,1
6/2/2020,Kalamu 2,
6/2/2020,Masina 1,1
6/2/2020,Kikimi,
6/2/2020,Maluku 1,1
6/2/2020,N'djili,1
6/2/2020,Makala,
6/2/2020,Ngaba,1
6/2/2020,Masina 2,1
6/2/2020,Kisenso,
6/2/2020,Kimbanseke,
6/2/2020,Zone indeterminée,6
6/2/2020,Goma,
6/2/2020,Beni,
6/2/2020,Butembo,
6/2/2020,Ibanda,
6/2/2020,Nyankunde,
6/2/2020,Bunia,
6/2/2020,Idiofa,
6/2/2020,Kenya,
6/2/2020,Tshamilemba,
6/2/2020,Kasumbalesa,
6/2/2020,Malemba,1
6/2/2020,Makiso,1
6/2/2020,Matadi,
6/2/2020,Nzanza,
6/3/2020,Gombe,19
6/3/2020,Binza Ozone,17
6/3/2020,Limete,12
6/3/2020,Kokolo (Ndolo),4
6/3/2020,Binza Méteo,11
6/3/2020,Lemba,10
6/3/2020,Kalamu 1,1
6/3/2020,Lingwala,9
6/3/2020,Kintambo,10
6/3/2020,Matete,1
6/3/2020,Kingabwa,
6/3/2020,Kasa-vubu,10
6/3/2020,Kinshasa,
6/3/2020,Bandalungwa,3
6/3/2020,Barumbu,1
6/3/2020,N'sele,
6/3/2020,Selembao,2
6/3/2020,Bumbu,
6/3/2020,Ngiri-Ngiri,1
6/3/2020,Mont-Ngafula 1,1
6/3/2020,Mont-Ngafula 2,
6/3/2020,Kalamu 2,
6/3/2020,Masina 1,1
6/3/2020,Kikimi,
6/3/2020,Maluku 1,
6/3/2020,N'djili,2
6/3/2020,Makala,
6/3/2020,Ngaba,
6/3/2020,Masina 2,
6/3/2020,Kisenso,
6/3/2020,Kimbanseke,
6/3/2020,Zone indeterminée,16
6/3/2020,Goma,
6/3/2020,Beni,
6/3/2020,Butembo,
6/3/2020,Ibanda,
6/3/2020,Nyankunde,
6/3/2020,Bunia,
6/3/2020,Boma,1
6/3/2020,Idiofa,
6/3/2020,Kenya,
6/3/2020,Tshamilemba,
6/3/2020,Kasumbalesa,
6/3/2020,Matadi,5
6/3/2020,Nzanza,7
6/3/2020,Mbanza Ngungu,1
6/3/2020,Lukula,1
6/3/2020,Kimpese,1
6/3/2020,Muanda,1
6/3/2020,Sekebanza,1
6/4/2020,Gombe,15
6/4/2020,Binza Ozone,7
6/4/2020,Limete,5
6/4/2020,Kokolo (Ndolo),
6/4/2020,Binza Méteo,
6/4/2020,Lemba,2
6/4/2020,Kalamu 1,
6/4/2020,Lingwala,6
6/4/2020,Kintambo,
6/4/2020,Matete,
6/4/2020,Kingabwa,
6/4/2020,Kasa-vubu,3
6/4/2020,Kinshasa,
6/4/2020,Bandalungwa,2
6/4/2020,Barumbu,
6/4/2020,N'sele,4
6/4/2020,Selembao,2
6/4/2020,Bumbu,
6/4/2020,Ngiri-Ngiri,
6/4/2020,Mont-Ngafula 1,3
6/4/2020,Mont-Ngafula 2,
6/4/2020,Kalamu 2,
6/4/2020,Masina 1,
6/4/2020,Kikimi,
6/4/2020,Maluku 1,
6/4/2020,N'djili,
6/4/2020,Makala,
6/4/2020,Ngaba,6
6/4/2020,Masina 2,
6/4/2020,Kisenso,
6/4/2020,Kimbanseke,
6/4/2020,Zone indeterminée,31
6/4/2020,Goma,2
6/4/2020,Beni,
6/4/2020,Butembo,
6/4/2020,Ibanda,19
6/4/2020,Nyankunde,
6/4/2020,Bunia,
6/4/2020,Idiofa,
6/4/2020,Kenya,
6/4/2020,Kadutu,4
6/4/2020,Tshamilemba,
6/4/2020,Kasumbalesa,
6/4/2020,Matadi,1
6/4/2020,Muanda,1
6/4/2020,Mutuanga,3
6/4/2020,Nzanza,
6/4/2020,Nyatende,1
6/4/2020,Panzi,1
6/4/2020,Bagira,1
6/4/2020,Wangata,1
6/5/2020,Gombe,7
6/5/2020,Binza Ozone,10
6/5/2020,Limete,27
6/5/2020,Kokolo (Ndolo),1
6/5/2020,Binza Méteo,17
6/5/2020,Lemba,
6/5/2020,Kalamu 1,
6/5/2020,Lingwala,4
6/5/2020,Kintambo,1
6/5/2020,Matete,
6/5/2020,Kingabwa,
6/5/2020,Kasa-vubu,10
6/5/2020,Kinshasa,
6/5/2020,Bandalungwa,
6/5/2020,Barumbu,
6/5/2020,N'sele,
6/5/2020,Selembao,1
6/5/2020,Bumbu,4
6/5/2020,Ngiri-Ngiri,
6/5/2020,Mont-Ngafula 1,1
6/5/2020,Mont-Ngafula 2,
6/5/2020,Kalamu 2,
6/5/2020,Masina 1,1
6/5/2020,Kikimi,
6/5/2020,Maluku 1,
6/5/2020,N'djili,
6/5/2020,Makala,
6/5/2020,Ngaba,
6/5/2020,Masina 2,
6/5/2020,Kisenso,
6/5/2020,Kimbanseke,
6/5/2020,Police,1
6/5/2020,Zone indeterminée,25
6/5/2020,Goma,
6/5/2020,Beni,
6/5/2020,Butembo,
6/5/2020,Ibanda,3
6/5/2020,Nyankunde,
6/5/2020,Bunia,
6/5/2020,Idiofa,
6/5/2020,Sonabata,1
6/5/2020,Kenya,
6/5/2020,Tshamilemba,
6/5/2020,Kasumbalesa,
6/5/2020,Matadi,
6/5/2020,Nzanza,
6/6/2020,Gombe,10
6/6/2020,Binza Ozone,1
6/6/2020,Limete,12
6/6/2020,Kokolo (Ndolo),
6/6/2020,Binza Méteo,6
6/6/2020,Lemba,3
6/6/2020,Kalamu 1,
6/6/2020,Lingwala,5
6/6/2020,Kintambo,16
6/6/2020,Matete,1
6/6/2020,Kingabwa,
6/6/2020,Kasa-vubu,10
6/6/2020,Kinshasa,2
6/6/2020,Bandalungwa,3
6/6/2020,Barumbu,3
6/6/2020,N'sele,
6/6/2020,Selembao,
6/6/2020,Bumbu,
6/6/2020,Ngiri-Ngiri,1
6/6/2020,Mont-Ngafula 1,1
6/6/2020,Mont-Ngafula 2,1
6/6/2020,Kalamu 2,
6/6/2020,Masina 1,1
6/6/2020,Kikimi,
6/6/2020,Maluku 1,
6/6/2020,N'djili,
6/6/2020,Makala,
6/6/2020,Ngaba,
6/6/2020,Masina 2,
6/6/2020,Kisenso,1
6/6/2020,Kimbanseke,
6/6/2020,Zone indeterminée,46
6/6/2020,Goma,
6/6/2020,Beni,
6/6/2020,Butembo,
6/6/2020,Ibanda,1
6/6/2020,Nyankunde,
6/6/2020,Bunia,
6/6/2020,Idiofa,
6/6/2020,Kenya,
6/6/2020,Tshamilemba,
6/6/2020,Kasumbalesa,
6/6/2020,Matadi,14
6/6/2020,Nzanza,
6/7/2020,Gombe,20
6/7/2020,Binza Ozone,4
6/7/2020,Limete,3
6/7/2020,Kokolo (Ndolo),11
6/7/2020,Binza Méteo,
6/7/2020,Lemba,9
6/7/2020,Kalamu 1,1
6/7/2020,Lingwala,4
6/7/2020,Kintambo,2
6/7/2020,Matete,
6/7/2020,Kingabwa,5
6/7/2020,Kasa-vubu,
6/7/2020,Kinshasa,
6/7/2020,Bandalungwa,9
6/7/2020,Barumbu,6
6/7/2020,N'sele,1
6/7/2020,Selembao,1
6/7/2020,Police,1
6/7/2020,Bumbu,1
6/7/2020,Ngiri-Ngiri,3
6/7/2020,Mont-Ngafula 1,
6/7/2020,Mont-Ngafula 2,2
6/7/2020,Kalamu 2,
6/7/2020,Masina 1,1
6/7/2020,Kikimi,
6/7/2020,Maluku 1,
6/7/2020,N'djili,1
6/7/2020,Makala,
6/7/2020,Ngaba,1
6/7/2020,Masina 2,1
6/7/2020,Kisenso,
6/7/2020,Kimbanseke,
6/7/2020,Zone indeterminée,3
6/7/2020,Goma,
6/7/2020,Beni,
6/7/2020,Butembo,
6/7/2020,Ibanda,
6/7/2020,Nyankunde,
6/7/2020,Bunia,
6/7/2020,Idiofa,
6/7/2020,Kenya,
6/7/2020,Tshamilemba,
6/7/2020,Kasumbalesa,
6/7/2020,Matadi,
6/7/2020,Nzanza,
6/8/2020,Gombe,21
6/8/2020,Binza Ozone,11
6/8/2020,Limete,18
6/8/2020,Kokolo (Ndolo),7
6/8/2020,Binza Méteo,3
6/8/2020,Lemba,6
6/8/2020,Kalamu 1,1
6/8/2020,Lingwala,7
6/8/2020,Kintambo,1
6/8/2020,Matete,
6/8/2020,Kingabwa,6
6/8/2020,Kasa-vubu,8
6/8/2020,Kinshasa,
6/8/2020,Bandalungwa,10
6/8/2020,Barumbu,6
6/8/2020,N'sele,3
6/8/2020,Selembao,4
6/8/2020,Bumbu,
6/8/2020,Ngiri-Ngiri,2
6/8/2020,Mont-Ngafula 1,4
6/8/2020,Mont-Ngafula 2,
6/8/2020,Kalamu 2,1
6/8/2020,Masina 1,3
6/8/2020,Kikimi,
6/8/2020,Maluku 1,
6/8/2020,N'djili,1
6/8/2020,Makala,
6/8/2020,Ngaba,6
6/8/2020,Masina 2,
6/8/2020,Police,1
6/8/2020,Kisenso,
6/8/2020,Kimbanseke,
6/8/2020,Zone indeterminée,19
6/8/2020,Goma,
6/8/2020,Beni,
6/8/2020,Butembo,
6/8/2020,Ibanda,
6/8/2020,Nyankunde,
6/8/2020,Lubumbashi,2
6/8/2020,Rwashi,1
6/8/2020,Mumbanda,1
6/8/2020,Bunia,
6/8/2020,Idiofa,
6/8/2020,Kenya,
6/8/2020,Tshamilemba,
6/8/2020,Kasumbalesa,
6/8/2020,Matadi,
6/8/2020,Nzanza,
6/9/2020,Gombe,10
6/9/2020,Binza Ozone,4
6/9/2020,Limete,7
6/9/2020,Kokolo (Ndolo),
6/9/2020,Binza Méteo,13
6/9/2020,Lemba,7
6/9/2020,Kalamu 1,
6/9/2020,Lingwala,1
6/9/2020,Kintambo,11
6/9/2020,Matete,2
6/9/2020,Kingabwa,1
6/9/2020,Kasa-vubu,
6/9/2020,Kinshasa,1
6/9/2020,Bandalungwa,2
6/9/2020,Barumbu,2
6/9/2020,N'sele,1
6/9/2020,Selembao,3
6/9/2020,Bumbu,
6/9/2020,Ngiri-Ngiri,1
6/9/2020,Mont-Ngafula 1,5
6/9/2020,Mont-Ngafula 2,
6/9/2020,Kalamu 2,
6/9/2020,Masina 1,1
6/9/2020,Kikimi,
6/9/2020,Maluku 1,
6/9/2020,N'djili,5
6/9/2020,Makala,
6/9/2020,Ngaba,
6/9/2020,Masina 2,
6/9/2020,Kisenso,
6/9/2020,Kimbanseke,
6/9/2020,Zone indeterminée,39
6/9/2020,Goma,
6/9/2020,Beni,
6/9/2020,Boma,2
6/9/2020,Butembo,
6/9/2020,Ibanda,4
6/9/2020,Lukala,1
6/9/2020,Lubumbashi,1
6/9/2020,Nyankunde,
6/9/2020,Bunia,
6/9/2020,Idiofa,
6/9/2020,Kenya,
6/9/2020,Tshamilemba,
6/9/2020,Kasumbalesa,
6/9/2020,Kadutu,1
6/9/2020,Matadi,5
6/9/2020,Masa,1
6/9/2020,Nzanza,
6/10/2020,Gombe,10
6/10/2020,Binza Ozone,4
6/10/2020,Limete,16
6/10/2020,Kokolo (Ndolo),
6/10/2020,Binza Méteo,
6/10/2020,Lemba,6
6/10/2020,Kalamu 1,1
6/10/2020,Lingwala,1
6/10/2020,Kintambo,
6/10/2020,Matete,2
6/10/2020,Kingabwa,
6/10/2020,Kasa-vubu,1
6/10/2020,Kinshasa,
6/10/2020,Bandalungwa,3
6/10/2020,Barumbu,
6/10/2020,N'sele,8
6/10/2020,Selembao,1
6/10/2020,Bumbu,1
6/10/2020,Ngiri-Ngiri,2
6/10/2020,Mont-Ngafula 1,7
6/10/2020,Mont-Ngafula 2,3
6/10/2020,Police,2
6/10/2020,Kalamu 2,
6/10/2020,Masina 1,3
6/10/2020,Kikimi,
6/10/2020,Maluku 1,
6/10/2020,N'djili,1
6/10/2020,Makala,
6/10/2020,Ngaba,1
6/10/2020,Masina 2,
6/10/2020,Kisenso,
6/10/2020,Kimbanseke,
6/10/2020,Zone indeterminée,11
6/10/2020,Goma,1
6/10/2020,Beni,
6/10/2020,Butembo,
6/10/2020,Ibanda,11
6/10/2020,Nyankunde,
6/10/2020,Bunia,
6/10/2020,Bagira,1
6/10/2020,Idiofa,
6/10/2020,Kenya,
6/10/2020,Kabare,1
6/10/2020,Kadutu,3
6/10/2020,Tshamilemba,4
6/10/2020,Kasumbalesa,
6/10/2020,Kapemba,4
6/10/2020,Katuba,1
6/10/2020,Lubumbashi,6
6/10/2020,Matadi,
6/10/2020,Nzanza,
6/10/2020,Nyantende,1
6/10/2020,Rwashi,2
6/10/2020,Mumbunda,6
6/11/2020,Gombe,12
6/11/2020,Binza Ozone,9
6/11/2020,Limete,3
6/11/2020,Kokolo (Ndolo),5
6/11/2020,Binza Méteo,8
6/11/2020,Binza Méteo,
6/11/2020,Lemba,13
6/11/2020,Kalamu 1,
6/11/2020,Lingwala,19
6/11/2020,Kintambo,16
6/11/2020,Matete,2
6/11/2020,Kingabwa,
6/11/2020,Kasa-vubu,
6/11/2020,Kinshasa,
6/11/2020,Bandalungwa,1
6/11/2020,Barumbu,
6/11/2020,N'sele,2
6/11/2020,Selembao,2
6/11/2020,Bumbu,
6/11/2020,Ngiri-Ngiri,
6/11/2020,Mont-Ngafula 1,13
6/11/2020,Mont-Ngafula 2,
6/11/2020,Kalamu 2,2
6/11/2020,Masina 1,
6/11/2020,Kikimi,
6/11/2020,Maluku 1,
6/11/2020,N'djili,
6/11/2020,Makala,
6/11/2020,Ngaba,1
6/11/2020,Masina 2,
6/11/2020,Kisenso,3
6/11/2020,Kimbanseke,1
6/11/2020,Zone indeterminée,10
6/11/2020,Goma,
6/11/2020,Beni,
6/11/2020,Butembo,
6/11/2020,Ibanda,
6/11/2020,Nyankunde,
6/11/2020,Bunia,
6/11/2020,Idiofa,
6/11/2020,Kenya,
6/11/2020,Tshamilemba,
6/11/2020,Kasumbalesa,
6/11/2020,Matadi,
6/11/2020,Nzanza,
6/12/2020,Gombe,20
6/12/2020,Binza Ozone,8
6/12/2020,Limete,3
6/12/2020,Kokolo (Ndolo),
6/12/2020,Binza Méteo,3
6/12/2020,Lemba,5
6/12/2020,Kalamu 1,
6/12/2020,Lingwala,6
6/12/2020,Kintambo,
6/12/2020,Matete,
6/12/2020,Kingabwa,1
6/12/2020,Kasa-vubu,2
6/12/2020,Kinshasa,3
6/12/2020,Bandalungwa,1
6/12/2020,Barumbu,
6/12/2020,N'sele,4
6/12/2020,Selembao,1
6/12/2020,Bumbu,
6/12/2020,Ngiri-Ngiri,
6/12/2020,Mont-Ngafula 1,4
6/12/2020,Mont-Ngafula 2,
6/12/2020,Kalamu 2,
6/12/2020,Masina 1,
6/12/2020,Kikimi,
6/12/2020,Maluku 1,
6/12/2020,N'djili,
6/12/2020,Makala,
6/12/2020,Ngaba,
6/12/2020,Masina 2,
6/12/2020,Kisenso,1
6/12/2020,Kimbanseke,
6/12/2020,Zone indeterminée,1
6/12/2020,Goma,
6/12/2020,Beni,
6/12/2020,Butembo,
6/12/2020,Ibanda,1
6/12/2020,Nyankunde,
6/12/2020,Bunia,
6/12/2020,Idiofa,
6/12/2020,Kenya,
6/12/2020,Kadutu,1
6/12/2020,Kisanga,1
6/12/2020,Tshamilemba,4
6/12/2020,Kasumbalesa,
6/12/2020,Kapemba,1
6/12/2020,Matadi,11
6/12/2020,Mumbunda,2
6/12/2020,Lubumbashi,3
6/12/2020,Nzanza,
6/13/2020,Gombe,13
6/13/2020,Binza Ozone,2
6/13/2020,Limete,4
6/13/2020,Kokolo (Ndolo),
6/13/2020,Binza Méteo,
6/13/2020,Lemba,3
6/13/2020,Kalamu 1,
6/13/2020,Lingwala,
6/13/2020,Kintambo,1
6/13/2020,Matete,1
6/13/2020,Kingabwa,
6/13/2020,Kasa-vubu,2
6/13/2020,Kinshasa,3
6/13/2020,Bandalungwa,
6/13/2020,Barumbu,
6/13/2020,N'sele,1
6/13/2020,Selembao,
6/13/2020,Bumbu,
6/13/2020,Ngiri-Ngiri,
6/13/2020,Mont-Ngafula 1,3
6/13/2020,Mont-Ngafula 2,
6/13/2020,Kalamu 2,
6/13/2020,Masina 1,
6/13/2020,Kikimi,
6/13/2020,Maluku 1,
6/13/2020,N'djili,
6/13/2020,Makala,
6/13/2020,Ngaba,
6/13/2020,Masina 2,
6/13/2020,Kisenso,
6/13/2020,Kimbanseke,
6/13/2020,Zone indeterminée,13
6/13/2020,Goma,
6/13/2020,Beni,
6/13/2020,Butembo,
6/13/2020,Ibanda,
6/13/2020,Nyankunde,
6/13/2020,Bunia,
6/13/2020,Idiofa,
6/13/2020,Kenya,
6/13/2020,Kisantu,1
6/13/2020,Lukula,1
6/13/2020,Tshamilemba,
6/13/2020,Kasumbalesa,
6/13/2020,Kimpese,1
6/13/2020,Muanda,1
6/13/2020,Kangu,1
6/13/2020,Kwilu Ngongo,1
6/13/2020,Matadi,2
6/13/2020,Nzanza,
6/14/2020,Gombe,11
6/14/2020,Binza Ozone,1
6/14/2020,Limete,
6/14/2020,Kokolo (Ndolo),
6/14/2020,Binza Méteo,4
6/14/2020,Lemba,4
6/14/2020,Kalamu 1,3
6/14/2020,Lingwala,1
6/14/2020,Kintambo,1
6/14/2020,Matete,1
6/14/2020,Kingabwa,
6/14/2020,Kasa-vubu,2
6/14/2020,Kinshasa,
6/14/2020,Bandalungwa,2
6/14/2020,Barumbu,1
6/14/2020,N'sele,
6/14/2020,Selembao,
6/14/2020,Bumbu,
6/14/2020,Police,2
6/14/2020,Ngiri-Ngiri,
6/14/2020,Mont-Ngafula 1,5
6/14/2020,Mont-Ngafula 2,
6/14/2020,Kalamu 2,
6/14/2020,Masina 1,2
6/14/2020,Kikimi,
6/14/2020,Maluku 1,
6/14/2020,N'djili,1
6/14/2020,Makala,
6/14/2020,Ngaba,
6/14/2020,Masina 2,
6/14/2020,Kisenso,
6/14/2020,Kimbanseke,
6/14/2020,Zone indeterminée,10
6/14/2020,Goma,
6/14/2020,Beni,
6/14/2020,Butembo,
6/14/2020,Ibanda,
6/14/2020,Nyankunde,
6/14/2020,Bunia,
6/14/2020,Idiofa,
6/14/2020,Kenya,
6/14/2020,Tshamilemba,
6/14/2020,Kasumbalesa,
6/14/2020,Matadi,
6/14/2020,Madula,2
6/14/2020,Nzanza,6
6/15/2020,Gombe,30
6/15/2020,Binza Ozone,9
6/15/2020,Limete,13
6/15/2020,Kokolo (Ndolo),9
6/15/2020,Binza Méteo,1
6/15/2020,Lemba,15
6/15/2020,Kalamu 1,3
6/15/2020,Lingwala,5
6/15/2020,Kintambo,5
6/15/2020,Matete,1
6/15/2020,Kingabwa,
6/15/2020,Kasa-vubu,2
6/15/2020,Kinshasa,1
6/15/2020,Bandalungwa,7
6/15/2020,Barumbu,3
6/15/2020,N'sele,2
6/15/2020,Selembao,6
6/15/2020,Bumbu,
6/15/2020,Ngiri-Ngiri,2
6/15/2020,Mont-Ngafula 1,1
6/15/2020,Mont-Ngafula 2,2
6/15/2020,Kalamu 2,
6/15/2020,Masina 1,3
6/15/2020,Kikimi,
6/15/2020,Maluku 1,
6/15/2020,N'djili,2
6/15/2020,Makala,
6/15/2020,Ngaba,1
6/15/2020,Masina 2,
6/15/2020,Kisenso,
6/15/2020,Kimbanseke,1
6/15/2020,Zone indeterminée,10
6/15/2020,Goma,
6/15/2020,Beni,
6/15/2020,Butembo,
6/15/2020,Ibanda,
6/15/2020,Nyankunde,
6/15/2020,Bunia,
6/15/2020,Idiofa,
6/15/2020,Kenya,
6/15/2020,Tshamilemba,
6/15/2020,Kasumbalesa,
6/15/2020,Matadi,
6/15/2020,Nzanza,3
6/16/2020,Gombe,42
6/16/2020,Binza Ozone,1
6/16/2020,Limete,3
6/16/2020,Kokolo (Ndolo),16
6/16/2020,Binza Méteo,4
6/16/2020,Lemba,5
6/16/2020,Kalamu 1,2
6/16/2020,Lingwala,1
6/16/2020,Kintambo,4
6/16/2020,Matete,
6/16/2020,Kingabwa,1
6/16/2020,Kasa-vubu,
6/16/2020,Kinshasa,4
6/16/2020,Bandalungwa,2
6/16/2020,Barumbu,4
6/16/2020,N'sele,
6/16/2020,Selembao,1
6/16/2020,Bumbu,
6/16/2020,Ngiri-Ngiri,1
6/16/2020,Mont-Ngafula 1,1
6/16/2020,Mont-Ngafula 2,
6/16/2020,Kalamu 2,2
6/16/2020,Masina 1,1
6/16/2020,Kikimi,
6/16/2020,Maluku 1,
6/16/2020,N'djili,6
6/16/2020,Makala,
6/16/2020,Ngaba,
6/16/2020,Masina 2,
6/16/2020,Kisenso,
6/16/2020,Kimbanseke,1
6/16/2020,Zone indeterminée,22
6/16/2020,Goma,
6/16/2020,Beni,
6/16/2020,Butembo,
6/16/2020,Ibanda,
6/16/2020,Nyankunde,
6/16/2020,Bunia,
6/16/2020,Idiofa,
6/16/2020,Kenya,
6/16/2020,Tshamilemba,
6/16/2020,Kasumbalesa,
6/16/2020,Karisimbi,2
6/16/2020,Matadi,
6/16/2020,Nzanza,
6/17/2020,Gombe,21
6/17/2020,Binza Ozone,22
6/17/2020,Limete,14
6/17/2020,Kokolo (Ndolo),3
6/17/2020,Binza Méteo,12
6/17/2020,Lemba,8
6/17/2020,Kalamu 1,1
6/17/2020,Lingwala,24
6/17/2020,Kintambo,3
6/17/2020,Matete,4
6/17/2020,Kingabwa,1
6/17/2020,Kasa-vubu,8
6/17/2020,Kinshasa,2
6/17/2020,Bandalungwa,5
6/17/2020,Barumbu,1
6/17/2020,N'sele,2
6/17/2020,Selembao,
6/17/2020,Bumbu,2
6/17/2020,Ngiri-Ngiri,1
6/17/2020,Mont-Ngafula 1,4
6/17/2020,Mont-Ngafula 2,1
6/17/2020,Kalamu 2,
6/17/2020,Masina 1,1
6/17/2020,Kikimi,
6/17/2020,Maluku 1,
6/17/2020,N'djili,8
6/17/2020,Makala,1
6/17/2020,Ngaba,1
6/17/2020,Masina 2,2
6/17/2020,Kisenso,
6/17/2020,Kimbanseke,1
6/17/2020,Zone indeterminée,15
6/17/2020,Goma,
6/17/2020,Beni,
6/17/2020,Butembo,
6/17/2020,Ibanda,
6/17/2020,Nyankunde,
6/17/2020,Bunia,
6/17/2020,Idiofa,
6/17/2020,Kenya,
6/17/2020,Tshamilemba,
6/17/2020,Kasumbalesa,
6/17/2020,Matadi,
6/17/2020,Mumbonda,15
6/17/2020,Nzanza,
6/18/2020,Gombe,11
6/18/2020,Binza Ozone,15
6/18/2020,Limete,8
6/18/2020,Kokolo (Ndolo),18
6/18/2020,Binza Méteo,11
6/18/2020,Lemba,16
6/18/2020,Kalamu 1,
6/18/2020,Lingwala,21
6/18/2020,Kintambo,9
6/18/2020,Matete,1
6/18/2020,Kingabwa,6
6/18/2020,Kasa-vubu,9
6/18/2020,Kinshasa,2
6/18/2020,Bandalungwa,5
6/18/2020,Barumbu,1
6/18/2020,N'sele,1
6/18/2020,Selembao,5
6/18/2020,Bumbu,1
6/18/2020,Ngiri-Ngiri,2
6/18/2020,Mont-Ngafula 1,6
6/18/2020,Mont-Ngafula 2,3
6/18/2020,Kalamu 2,
6/18/2020,Masina 1,1
6/18/2020,Police,1
6/18/2020,Kikimi,1
6/18/2020,Maluku 1,
6/18/2020,N'djili,4
6/18/2020,Makala,2
6/18/2020,Ngaba,1
6/18/2020,Masina 2,
6/18/2020,Kisenso,
6/18/2020,Kimbanseke,
6/18/2020,Zone indeterminée,4
6/18/2020,Goma,
6/18/2020,Beni,
6/18/2020,Butembo,
6/18/2020,Ibanda,
6/18/2020,Nyankunde,
6/18/2020,Bunia,
6/18/2020,Idiofa,
6/18/2020,Kenya,
6/18/2020,Tshamilemba,
6/18/2020,Kasumbalesa,
6/18/2020,Matadi,
6/18/2020,Lubumbashi,28
6/18/2020,Bandundu,1
6/18/2020,Nzanza,
6/19/2020,Gombe,15
6/19/2020,Binza Ozone,9
6/19/2020,Limete,10
6/19/2020,Kokolo (Ndolo),11
6/19/2020,Binza Méteo,6
6/19/2020,Lemba,7
6/19/2020,Kalamu 1,4
6/19/2020,Lingwala,7
6/19/2020,Kintambo,7
6/19/2020,Matete,3
6/19/2020,Kingabwa,3
6/19/2020,Kasa-vubu,1
6/19/2020,Kinshasa,1
6/19/2020,Bandalungwa,2
6/19/2020,Barumbu,6
6/19/2020,N'sele,1
6/19/2020,Selembao,6
6/19/2020,Bumbu,
6/19/2020,Ngiri-Ngiri,3
6/19/2020,Mont-Ngafula 1,6
6/19/2020,Mont-Ngafula 2,1
6/19/2020,Kalamu 2,1
6/19/2020,Masina 1,
6/19/2020,Kikimi,
6/19/2020,Maluku 1,
6/19/2020,N'djili,2
6/19/2020,Makala,
6/19/2020,Ngaba,1
6/19/2020,Police,6
6/19/2020,Masina 2,
6/19/2020,Kisenso,1
6/19/2020,Kimbanseke,
6/19/2020,Zone indeterminée,17
6/19/2020,Goma,
6/19/2020,Beni,
6/19/2020,Boma,3
6/19/2020,Butembo,
6/19/2020,Ibanda,
6/19/2020,Nyankunde,
6/19/2020,Bunia,
6/19/2020,Idiofa,
6/19/2020,Kenya,
6/19/2020,Tshamilemba,1
6/19/2020,Kasumbalesa,
6/19/2020,Kampemba,3
6/19/2020,Katuba,2
6/19/2020,Kamalondo,1
6/19/2020,Kidishi,1
6/19/2020,Matadi,8
6/19/2020,Mumbunda,4
6/19/2020,Nzanza,7
6/19/2020,Lukula,3
6/19/2020,Lubumbashi,24
6/19/2020,Rwashi,1
6/20/2020,Gombe,8
6/20/2020,Binza Ozone,5
6/20/2020,Limete,2
6/20/2020,Kokolo (Ndolo),12
6/20/2020,Binza Méteo,6
6/20/2020,Lemba,4
6/20/2020,Kalamu 1,1
6/20/2020,Lingwala,5
6/20/2020,Kintambo,2
6/20/2020,Matete,1
6/20/2020,Kingabwa,
6/20/2020,Kasa-vubu,10
6/20/2020,Kinshasa,1
6/20/2020,Police,4
6/20/2020,Bandalungwa,6
6/20/2020,Barumbu,2
6/20/2020,N'sele,
6/20/2020,Selembao,
6/20/2020,Bumbu,
6/20/2020,Ngiri-Ngiri,1
6/20/2020,Mont-Ngafula 1,11
6/20/2020,Mont-Ngafula 2,
6/20/2020,Kalamu 2,
6/20/2020,Masina 1,1
6/20/2020,Kikimi,
6/20/2020,Maluku 1,
6/20/2020,N'djili,2
6/20/2020,Makala,
6/20/2020,Ngaba,
6/20/2020,Masina 2,1
6/20/2020,Kisenso,
6/20/2020,Kimbanseke,
6/20/2020,Zone indeterminée,39
6/20/2020,Goma,4
6/20/2020,Beni,
6/20/2020,Butembo,
6/20/2020,Ibanda,
6/20/2020,Nyankunde,
6/20/2020,Nyirangongo,1
6/20/2020,Bunia,
6/20/2020,Idiofa,
6/20/2020,Kenya,
6/20/2020,Lubumbashi,7
6/20/2020,Tshamilemba,1
6/20/2020,Karisimbi,4
6/20/2020,Kampemba,1
6/20/2020,Kasumbalesa,
6/20/2020,Matadi,
6/20/2020,Nzanza,
6/20/2020,Rwashi,2
6/20/2020,Mumbunda,6
6/20/2020,Likasi,2
6/20/2020,Panda,1
6/20/2020,Watsa,1
6/21/2020,Gombe,10
6/21/2020,Binza Ozone,8
6/21/2020,Limete,8
6/21/2020,Kokolo (Ndolo),11
6/21/2020,Binza Méteo,3
6/21/2020,Lemba,5
6/21/2020,Kalamu 1,
6/21/2020,Lingwala,13
6/21/2020,Kintambo,3
6/21/2020,Matete,1
6/21/2020,Kingabwa,1
6/21/2020,Kasa-vubu,9
6/21/2020,Kinshasa,2
6/21/2020,Bandalungwa,2
6/21/2020,Barumbu,1
6/21/2020,N'sele,1
6/21/2020,Selembao,1
6/21/2020,Police,5
6/21/2020,Bumbu,
6/21/2020,Ngiri-Ngiri,
6/21/2020,Mont-Ngafula 1,2
6/21/2020,Mont-Ngafula 2,
6/21/2020,Kalamu 2,
6/21/2020,Masina 1,
6/21/2020,Kikimi,
6/21/2020,Maluku 1,
6/21/2020,N'djili,
6/21/2020,Makala,
6/21/2020,Ngaba,1
6/21/2020,Masina 2,
6/21/2020,Kisenso,
6/21/2020,Kimbanseke,1
6/21/2020,Zone indeterminée,
6/21/2020,Goma,
6/21/2020,Beni,
6/21/2020,Butembo,
6/21/2020,Ibanda,
6/21/2020,Nyankunde,
6/21/2020,Bunia,
6/21/2020,Idiofa,
6/21/2020,Kenya,1
6/21/2020,Tshamilemba,1
6/21/2020,Kasumbalesa,
6/21/2020,Kampemba,2
6/21/2020,Matadi,
6/21/2020,Nzanza,
6/21/2020,Lubumbashi,7
6/22/2020,Gombe,13
6/22/2020,Binza Ozone,1
6/22/2020,Limete,3
6/22/2020,Kokolo (Ndolo),5
6/22/2020,Binza Méteo,3
6/22/2020,Lemba,8
6/22/2020,Kalamu 1,
6/22/2020,Lingwala,4
6/22/2020,Kintambo,4
6/22/2020,Matete,1
6/22/2020,Kingabwa,
6/22/2020,Kasa-vubu,4
6/22/2020,Kinshasa,1
6/22/2020,Bandalungwa,4
6/22/2020,Barumbu,1
6/22/2020,N'sele,2
6/22/2020,Selembao,
6/22/2020,Bumbu,1
6/22/2020,Ngiri-Ngiri,1
6/22/2020,Mont-Ngafula 1,7
6/22/2020,Mont-Ngafula 2,
6/22/2020,Kalamu 2,
6/22/2020,Masina 1,4
6/22/2020,Kikimi,
6/22/2020,Maluku 1,
6/22/2020,N'djili,2
6/22/2020,Makala,1
6/22/2020,Ngaba,2
6/22/2020,Masina 2,
6/22/2020,Police,2
6/22/2020,Kisenso,1
6/22/2020,Kimbanseke,
6/22/2020,Zone indeterminée,9
6/22/2020,Goma,
6/22/2020,Beni,
6/22/2020,Butembo,
6/22/2020,Ibanda,
6/22/2020,Nyankunde,
6/22/2020,Bunia,
6/22/2020,Boko Kivula,1
6/22/2020,Buta,3
6/22/2020,Idiofa,
6/22/2020,Kenya,
6/22/2020,Kimpese,1
6/22/2020,Tshamilemba,
6/22/2020,Kwilu Ngongo,1
6/22/2020,Kasumbalesa,
6/22/2020,Matadi,2
6/22/2020,Muanda,1
6/22/2020,Mbanza Ngungu,3
6/22/2020,Nzanza,6
6/23/2020,Gombe,15
6/23/2020,Binza Ozone,10
6/23/2020,Limete,13
6/23/2020,Kokolo (Ndolo),12
6/23/2020,Binza Méteo,6
6/23/2020,Lemba,11
6/23/2020,Kalamu 1,1
6/23/2020,Lingwala,8
6/23/2020,Kintambo,4
6/23/2020,Matete,3
6/23/2020,Kingabwa,3
6/23/2020,Kasa-vubu,2
6/23/2020,Kinshasa,4
6/23/2020,Bandalungwa,3
6/23/2020,Barumbu,5
6/23/2020,N'sele,9
6/23/2020,Selembao,3
6/23/2020,Bumbu,1
6/23/2020,Police,2
6/23/2020,Ngiri-Ngiri,2
6/23/2020,Mont-Ngafula 1,11
6/23/2020,Mont-Ngafula 2,
6/23/2020,Kalamu 2,
6/23/2020,Masina 1,5
6/23/2020,Kikimi,
6/23/2020,Maluku 1,
6/23/2020,N'djili,5
6/23/2020,Makala,
6/23/2020,Ngaba,
6/23/2020,Masina 2,
6/23/2020,Kisenso,
6/23/2020,Kimbanseke,1
6/23/2020,Zone indeterminée,23
6/23/2020,Goma,5
6/23/2020,Beni,
6/23/2020,Boma,3
6/23/2020,Butembo,
6/23/2020,Ibanda,7
6/23/2020,Nyankunde,
6/23/2020,Nyirangongo,2
6/23/2020,Bunia,
6/23/2020,Idiofa,
6/23/2020,Lukala,1
6/23/2020,Kangu,2
6/23/2020,Kenya,
6/23/2020,Tshamilemba,
6/23/2020,Kasumbalesa,
6/23/2020,Karisimbi,1
6/23/2020,Matadi,2
6/23/2020,Nzanza,
6/23/2020,Wangata,1
6/24/2020,Gombe,23
6/24/2020,Binza Ozone,21
6/24/2020,Limete,11
6/24/2020,Kokolo (Ndolo),10
6/24/2020,Binza Méteo,16
6/24/2020,Lemba,13
6/24/2020,Kalamu 1,
6/24/2020,Lingwala,9
6/24/2020,Kintambo,10
6/24/2020,Matete,3
6/24/2020,Kingabwa,3
6/24/2020,Kasa-vubu,5
6/24/2020,Kinshasa,7
6/24/2020,Bandalungwa,4
6/24/2020,Barumbu,3
6/24/2020,N'sele,1
6/24/2020,Police,2
6/24/2020,Selembao,
6/24/2020,Bumbu,3
6/24/2020,Ngiri-Ngiri,
6/24/2020,Mont-Ngafula 1,10
6/24/2020,Mont-Ngafula 2,5
6/24/2020,Kalamu 2,2
6/24/2020,Masina 1,1
6/24/2020,Kikimi,
6/24/2020,Maluku 1,
6/24/2020,N'djili,2
6/24/2020,Makala,1
6/24/2020,Ngaba,
6/24/2020,Masina 2,1
6/24/2020,Kisenso,
6/24/2020,Kimbanseke,1
6/24/2020,Zone indeterminée,15
6/24/2020,Goma,
6/24/2020,Beni,
6/24/2020,Butembo,
6/24/2020,Ibanda,3
6/24/2020,Nyankunde,
6/24/2020,Bunia,
6/24/2020,Bagira,3
6/24/2020,Bandundu,1
6/24/2020,Idiofa,
6/24/2020,Kenya,
6/24/2020,Kimpese,2
6/24/2020,Karisimbi,2
6/24/2020,Tshamilemba,
6/24/2020,Kasumbalesa,
6/24/2020,Matadi,
6/24/2020,Muanda,2
6/24/2020,Nzanza,
6/24/2020,Lukala,1
6/24/2020,Watsa,2
6/25/2020,Gombe,17
6/25/2020,Binza Ozone,5
6/25/2020,Limete,6
6/25/2020,Kokolo (Ndolo),1
6/25/2020,Binza Méteo,7
6/25/2020,Lemba,5
6/25/2020,Kalamu 1,1
6/25/2020,Lingwala,16
6/25/2020,Kintambo,5
6/25/2020,Matete,1
6/25/2020,Kingabwa,1
6/25/2020,Kasa-vubu,2
6/25/2020,Kinshasa,2
6/25/2020,Bandalungwa,7
6/25/2020,Barumbu,1
6/25/2020,N'sele,2
6/25/2020,Selembao,2
6/25/2020,Bumbu,
6/25/2020,Ngiri-Ngiri,4
6/25/2020,Mont-Ngafula 1,3
6/25/2020,Mont-Ngafula 2,1
6/25/2020,Kalamu 2,
6/25/2020,Masina 1,1
6/25/2020,Kikimi,
6/25/2020,Maluku 1,
6/25/2020,N'djili,
6/25/2020,Makala,
6/25/2020,Ngaba,1
6/25/2020,Masina 2,
6/25/2020,Kisenso,
6/25/2020,Kimbanseke,
6/25/2020,Zone indeterminée,24
6/25/2020,Goma,5
6/25/2020,Beni,
6/25/2020,Butembo,
6/25/2020,Bagira,1
6/25/2020,Ibanda,2
6/25/2020,Nyankunde,1
6/25/2020,Bunia,
6/25/2020,Idiofa,
6/25/2020,Kenya,
6/25/2020,Tshamilemba,8
6/25/2020,Kaditu,1
6/25/2020,Kasumbalesa,
6/25/2020,Karisimbi,1
6/25/2020,Matadi,
6/25/2020,Nzanza,1
6/25/2020,Masa,1
6/25/2020,Watsa,5
6/26/2020,Gombe,16
6/26/2020,Binza Ozone,2
6/26/2020,Limete,2
6/26/2020,Kokolo (Ndolo),17
6/26/2020,Binza Méteo,3
6/26/2020,Lemba,3
6/26/2020,Kalamu 1,
6/26/2020,Lingwala,4
6/26/2020,Kintambo,2
6/26/2020,Matete,4
6/26/2020,Kingabwa,
6/26/2020,Kasa-vubu,4
6/26/2020,Kinshasa,
6/26/2020,Bandalungwa,
6/26/2020,Barumbu,3
6/26/2020,N'sele,
6/26/2020,Selembao,2
6/26/2020,Bumbu,1
6/26/2020,Ngiri-Ngiri,
6/26/2020,Mont-Ngafula 1,2
6/26/2020,Mont-Ngafula 2,
6/26/2020,Kalamu 2,1
6/26/2020,Masina 1,
6/26/2020,Kikimi,
6/26/2020,Maluku 1,
6/26/2020,N'djili,1
6/26/2020,Makala,
6/26/2020,Ngaba,
6/26/2020,Masina 2,
6/26/2020,Kisenso,1
6/26/2020,Kimbanseke,
6/26/2020,Zone indeterminée,29
6/26/2020,Goma,4
6/26/2020,Beni,
6/26/2020,Butembo,
6/26/2020,Ibanda,5
6/26/2020,Nyankunde,
6/26/2020,Bunia,
6/26/2020,Idiofa,
6/26/2020,Kenya,
6/26/2020,Kisantu,2
6/26/2020,Kadutu,2
6/26/2020,Kimpese,6
6/26/2020,Tshamilemba,
6/26/2020,Kasumbalesa,
6/26/2020,Karisimbi,1
6/26/2020,Matadi,
6/26/2020,Mbanza ngungu,1
6/26/2020,Miti Murhesa,1
6/26/2020,Nzanza,
6/26/2020,Nyirangongo,3
6/26/2020,Lubumbashi,5
6/26/2020,Mumbunda,6
6/26/2020,Watsa,5
6/27/2020,Gombe,19
6/27/2020,Binza Ozone,5
6/27/2020,Limete,4
6/27/2020,Kokolo (Ndolo),2
6/27/2020,Binza Méteo,9
6/27/2020,Lemba,9
6/27/2020,Kalamu 1,
6/27/2020,Lingwala,2
6/27/2020,Kintambo,4
6/27/2020,Matete,2
6/27/2020,Kingabwa,4
6/27/2020,Kasa-vubu,6
6/27/2020,Kinshasa,2
6/27/2020,Bandalungwa,2
6/27/2020,Barumbu,6
6/27/2020,N'sele,4
6/27/2020,Selembao,
6/27/2020,Bumbu,
6/27/2020,Ngiri-Ngiri,1
6/27/2020,Mont-Ngafula 1,3
6/27/2020,Mont-Ngafula 2,1
6/27/2020,Kalamu 2,3
6/27/2020,Masina 1,4
6/27/2020,Kikimi,
6/27/2020,Maluku 1,
6/27/2020,N'djili,2
6/27/2020,Makala,
6/27/2020,Ngaba,2
6/27/2020,Masina 2,
6/27/2020,Kisenso,
6/27/2020,Kingasani,1
6/27/2020,Kimbanseke,1
6/27/2020,Zone indeterminée,26
6/27/2020,Goma,4
6/27/2020,Beni,
6/27/2020,Butembo,
6/27/2020,Ibanda,
6/27/2020,Nyankunde,
6/27/2020,Bunia,
6/27/2020,Idiofa,
6/27/2020,Lubumbashi,3
6/27/2020,Kenya,
6/27/2020,Tshamilemba,
6/27/2020,Kasumbalesa,1
6/27/2020,Fungurume,1
6/27/2020,Matadi,
6/27/2020,Makiso,3
6/27/2020,Nzanza,
6/27/2020,Watsa,1
6/28/2020,Gombe,4
6/28/2020,Binza Ozone,1
6/28/2020,Limete,3
6/28/2020,Kokolo (Ndolo),18
6/28/2020,Binza Méteo,
6/28/2020,Lemba,8
6/28/2020,Kalamu 1,1
6/28/2020,Lingwala,2
6/28/2020,Kintambo,4
6/28/2020,Matete,
6/28/2020,Kingabwa,
6/28/2020,Kasa-vubu,11
6/28/2020,Kinshasa,1
6/28/2020,Bandalungwa,2
6/28/2020,Barumbu,1
6/28/2020,N'sele,
6/28/2020,Selembao,
6/28/2020,Bumbu,2
6/28/2020,Ngiri-Ngiri,
6/28/2020,Mont-Ngafula 1,2
6/28/2020,Mont-Ngafula 2,
6/28/2020,Kalamu 2,1
6/28/2020,Masina 1,
6/28/2020,Kikimi,
6/28/2020,Maluku 1,
6/28/2020,N'djili,1
6/28/2020,Makala,
6/28/2020,Ngaba,
6/28/2020,Masina 2,
6/28/2020,Kisenso,1
6/28/2020,Kimbanseke,
6/28/2020,Zone indeterminée,23
6/28/2020,Goma,2
6/28/2020,Beni,
6/28/2020,Butembo,
6/28/2020,Ibanda,1
6/28/2020,Lukula,1
6/28/2020,Luozi,1
6/28/2020,Lualaba,3
6/28/2020,Nyankunde,
6/28/2020,Bunia,
6/28/2020,Idiofa,
6/28/2020,Uvira,1
6/28/2020,Gemena,3
6/28/2020,Kenya,
6/28/2020,Kimpese,4
6/28/2020,Karisimbi,4
6/28/2020,Kadutu,2
6/28/2020,Tshamilemba,
6/28/2020,Kasumbalesa,
6/28/2020,Matadi,
6/28/2020,Nzanza,
6/28/2020,Watsa,4
6/29/2020,Gombe,16
6/29/2020,Binza Ozone,3
6/29/2020,Limete,2
6/29/2020,Kokolo (Ndolo),11
6/29/2020,Binza Méteo,
6/29/2020,Lemba,3
6/29/2020,Kalamu 1,2
6/29/2020,Lingwala,8
6/29/2020,Kintambo,
6/29/2020,Matete,
6/29/2020,Kingabwa,
6/29/2020,Kasa-vubu,1
6/29/2020,Kinshasa,2
6/29/2020,Bandalungwa,3
6/29/2020,Barumbu,2
6/29/2020,N'sele,
6/29/2020,Selembao,4
6/29/2020,Bumbu,
6/29/2020,Ngiri-Ngiri,
6/29/2020,Mont-Ngafula 1,2
6/29/2020,Mont-Ngafula 2,2
6/29/2020,Kalamu 2,
6/29/2020,Masina 1,
6/29/2020,Kikimi,
6/29/2020,Maluku 1,
6/29/2020,N'djili,
6/29/2020,Makala,
6/29/2020,Ngaba,1
6/29/2020,Masina 2,
6/29/2020,Kisenso,1
6/29/2020,Kimbanseke,
6/29/2020,Zone indeterminée,12
6/29/2020,Goma,5
6/29/2020,Beni,1
6/29/2020,Butembo,
6/29/2020,Ibanda,1
6/29/2020,Nyankunde,
6/29/2020,Bunia,
6/29/2020,Idiofa,
6/29/2020,Kenya,
6/29/2020,Tshamilemba,
6/29/2020,Kasumbalesa,
6/29/2020,Kimpese,1
6/29/2020,Karisimbi,1
6/29/2020,Kadutu,2
6/29/2020,Matadi,1
6/29/2020,Nzanza,1
6/29/2020,Lubumbashi,3
6/29/2020,Sakania,1
6/29/2020,Kampemba,1
6/29/2020,Katuba,1
6/29/2020,Fungurume,1
6/29/2020,Watsa,2
6/29/2020,Lualaba,3
6/30/2020,Gombe,7
6/30/2020,Binza Ozone,10
6/30/2020,Limete,5
6/30/2020,Kokolo (Ndolo),5
6/30/2020,Binza Méteo,
6/30/2020,Lemba,2
6/30/2020,Kalamu 1,
6/30/2020,Lingwala,10
6/30/2020,Kintambo,
6/30/2020,Matete,
6/30/2020,Kingabwa,2
6/30/2020,Kasa-vubu,3
6/30/2020,Kinshasa,1
6/30/2020,Bandalungwa,2
6/30/2020,Barumbu,2
6/30/2020,N'sele,1
6/30/2020,Selembao,3
6/30/2020,Bumbu,1
6/30/2020,Ngiri-Ngiri,1
6/30/2020,Mont-Ngafula 1,
6/30/2020,Mont-Ngafula 2,
6/30/2020,Kalamu 2,
6/30/2020,Masina 1,1
6/30/2020,Kikimi,
6/30/2020,Maluku 1,
6/30/2020,N'djili,1
6/30/2020,Makala,1
6/30/2020,Ngaba,1
6/30/2020,Masina 2,
6/30/2020,Kisenso,
6/30/2020,Kimbanseke,
6/30/2020,Zone indeterminée,4
6/30/2020,Goma,2
6/30/2020,Beni,
6/30/2020,Butembo,
6/30/2020,Ibanda,
6/30/2020,Nyankunde,
6/30/2020,Bunia,
6/30/2020,Idiofa,
6/30/2020,Kenya,
6/30/2020,Tshamilemba,8
6/30/2020,Karisimbi,1
6/30/2020,Kasumbalesa,
6/30/2020,Matadi,
6/30/2020,Nzanza,
6/30/2020,Nyirangongo,1
6/30/2020,Walikale,2
6/30/2020,Makiso,2
6/30/2020,Kabondo,1
6/30/2020,Lualaba,3
7/1/2020,Gombe,3
7/1/2020,Binza Ozone,3
7/1/2020,Limete,4
7/1/2020,Kokolo (Ndolo),
7/1/2020,Binza Méteo,
7/1/2020,Lemba,2
7/1/2020,Kalamu 1,1
7/1/2020,Lingwala,5
7/1/2020,Kintambo,
7/1/2020,Matete,1
7/1/2020,Kingabwa,
7/1/2020,Kasa-vubu,2
7/1/2020,Kinshasa,1
7/1/2020,Bandalungwa,3
7/1/2020,Barumbu,
7/1/2020,N'sele,2
7/1/2020,Selembao,
7/1/2020,Bumbu,1
7/1/2020,Ngiri-Ngiri,4
7/1/2020,Mont-Ngafula 1,1
7/1/2020,Mont-Ngafula 2,
7/1/2020,Kalamu 2,
7/1/2020,Masina 1,
7/1/2020,Kikimi,
7/1/2020,Maluku 1,
7/1/2020,N'djili,
7/1/2020,Makala,
7/1/2020,Ngaba,
7/1/2020,Masina 2,
7/1/2020,Kisenso,
7/1/2020,Kimbanseke,
7/1/2020,Zone indeterminée,16
7/1/2020,Goma,3
7/1/2020,Beni,
7/1/2020,Butembo,
7/1/2020,Ibanda,2
7/1/2020,Nyankunde,
7/1/2020,Bunia,
7/1/2020,Bagira,1
7/1/2020,Idiofa,
7/1/2020,Kenya,
7/1/2020,Fizi,1
7/1/2020,Tshamilemba,
7/1/2020,Kasumbalesa,
7/1/2020,Kwilu Ngongo,1
7/1/2020,Matadi,
7/1/2020,Mbanza Ngungu,5
7/1/2020,Muanda,1
7/1/2020,Nzanza,
7/1/2020,Watsa,2
7/1/2020,Lualaba,2